OrderID,CustomerID,ProductID,Quantity,UnitPrice,TotalPrice,OrderDate,ShipmentDate,PaymentType,DeliveryStatus,Region,DiscountApplied,TaxRate,IsReturn,IsCancelled,ProductCategory,ProductRating,ShippingCost,CustomerSegment,PurchaseChannel,TestPrices
M47A8PLWQG,EENTBZF3,N681F,13,300.49,3906.37,1/26/2022 15:18,1/30/2022 15:18,PayPal,Returned,East,TRUE,0.17,TRUE,FALSE,Electronics,4.4,33.06,Online,Catalog,3906.37
R6K5BN5OVH,0K995P2J,FS1MU,19,224.42,4263.98,2/27/2022 1:37,3/8/2022 1:37,PayPal,Delivered,South,FALSE,0.19,TRUE,TRUE,Sports,2.5,40.63,Online,Online,4263.98
FQLPOA0BAY,BUFSTJR4,PXM63,15,288.34,4325.1,7/5/2022 0:04,7/15/2022 0:04,Credit Card,Delivered,East,FALSE,0.01,TRUE,TRUE,Health & Beauty,1.3,5.91,Direct,Online,0
WKTF8G0CL8,2RE6LJF1,AESFT,6,391.3,2347.8,5/21/2022 9:55,5/22/2022 9:55,Credit Card,Cancelled,North,FALSE,0.2,FALSE,TRUE,Health & Beauty,4.2,25.77,Wholesale,In-store,0
SB5SXS9ETH,IQM1QOOQ,5BR38,15,363.11,5446.65,7/13/2022 14:40,7/23/2022 14:40,Debit Card,Cancelled,North,FALSE,0.11,FALSE,FALSE,Home & Garden,4,9.77,Wholesale,Catalog,0
K57VDXLQI3,J3E177IF,HLP3Y,4,101.3,405.2,5/7/2022 10:07,5/15/2022 10:07,Cash on Delivery,Delivered,South,FALSE,0.04,TRUE,FALSE,Home & Garden,1.5,19.59,Wholesale,Online,0
TXBCNLXRNJ,7MWJXUOF,OUAW2,6,309.93,1859.58,7/2/2022 18:12,7/7/2022 18:12,PayPal,Cancelled,North,FALSE,0.14,TRUE,FALSE,Fashion,2.4,24.67,Online,In-store,0
SQDXKUWCL8,29ZYUKX2,HTY4M,2,58.65,117.3,2/22/2022 15:31,2/26/2022 15:31,Cash on Delivery,Delivered,East,FALSE,0.13,TRUE,TRUE,Electronics,1.7,21.12,Direct,In-store,0
ELX4QW7M1T,GPFR10R0,QAU3I,1,164.56,164.56,8/4/2022 12:46,8/17/2022 12:46,Credit Card,Returned,West,FALSE,0.11,TRUE,TRUE,Electronics,2.8,49.48,Wholesale,Catalog,0
N7ICPH9NYC,2AI803XM,5WJRG,5,329.87,1649.35,4/22/2022 16:01,4/26/2022 16:01,Debit Card,Delivered,East,FALSE,0.2,FALSE,TRUE,Sports,3.3,23.65,Online,Online,0
DQR27UKUYL,UJIQMQR4,RCT28,4,315.52,1262.08,4/13/2022 21:44,4/27/2022 21:44,Cash on Delivery,Returned,West,FALSE,0.13,FALSE,FALSE,Electronics,2.3,40.03,Direct,In-store,0
G5NV5UU2IL,VNRRL6P1,AM0WA,4,190.68,762.72,2/3/2022 20:08,2/4/2022 20:08,Debit Card,Returned,North,TRUE,0.12,TRUE,FALSE,Home & Garden,3.7,48.74,Wholesale,In-store,0
76M6N4IJ8Q,IMZYX88W,VFKNT,4,239.64,958.56,1/10/2022 20:55,1/11/2022 20:55,Debit Card,Shipped,North,TRUE,0.12,FALSE,FALSE,Health & Beauty,4,6.76,Online,In-store,0
C4VRPA0UAJ,MVMPF55F,JG80S,19,490,9310,1/4/2022 10:52,1/12/2022 10:52,Cash on Delivery,Returned,West,TRUE,0.1,TRUE,FALSE,Health & Beauty,3.8,44.62,Direct,Catalog,0
QXJJNFTHRY,YNSWZPPU,4114Q,4,349.31,1397.24,7/23/2022 21:13,7/28/2022 21:13,Credit Card,Cancelled,West,TRUE,0.05,TRUE,FALSE,Health & Beauty,3.1,9.23,Retail,Catalog,0
RS60GWEQLA,57202GBK,05ASM,2,50.73,101.46,8/1/2022 19:30,8/13/2022 19:30,Debit Card,Shipped,South,FALSE,0,FALSE,FALSE,Sports,4.4,34.12,Direct,In-store,0
5AC499MBEI,5NDIOXJM,709IT,1,139.72,139.72,12/24/2022 16:51,1/4/2023 16:51,Debit Card,Delivered,East,TRUE,0.11,TRUE,FALSE,Health & Beauty,1.7,21.64,Wholesale,Catalog,0
4U4DFNMXLJ,H6N8QEO7,H9EXM,3,142.3,426.9,2/10/2022 17:07,2/22/2022 17:07,Debit Card,Cancelled,West,TRUE,0.19,TRUE,FALSE,Fashion,2,30.93,Direct,Catalog,0
OZ4ULOARAG,M8TPZKP4,7HOUU,9,449.06,4041.54,10/31/2022 15:49,11/5/2022 15:49,Credit Card,Returned,North,FALSE,0.18,TRUE,TRUE,Electronics,3.7,25.21,Direct,In-store,0
A0L1A7B6OI,M57VR0SO,YPGIG,4,352.74,1410.96,1/28/2022 22:26,2/4/2022 22:26,Credit Card,Returned,East,TRUE,0.16,TRUE,TRUE,Electronics,2.6,44.65,Direct,Online,0
U47KDW76YX,YEO78STS,Q2VQV,15,349.34,5240.1,11/20/2022 7:54,11/30/2022 7:54,Debit Card,Cancelled,East,FALSE,0.1,TRUE,TRUE,Home & Garden,4.8,33.98,Retail,In-store,0
LNTASW1Z78,CNIE2DUT,JXCCU,1,313.22,313.22,11/1/2022 2:29,11/11/2022 2:29,Debit Card,Shipped,North,FALSE,0.09,FALSE,TRUE,Health & Beauty,3.9,17.96,Direct,Online,0
NRX2VC2XRH,OF3OU192,1NZ3J,16,377.09,6033.44,6/21/2022 14:37,6/28/2022 14:37,Cash on Delivery,Delivered,East,FALSE,0.02,TRUE,TRUE,Fashion,1.4,20.93,Direct,Online,0
KD7DKO2R81,AOSPQXI9,HNO44,2,291.42,582.84,8/25/2022 18:51,9/3/2022 18:51,Debit Card,Shipped,North,FALSE,0.13,FALSE,FALSE,Health & Beauty,2.7,45.34,Retail,In-store,0
A8NQZQI899,TY10JTCF,4BSYA,11,57.66,634.26,3/6/2022 13:00,3/20/2022 13:00,Debit Card,Delivered,North,FALSE,0.11,FALSE,FALSE,Sports,2.8,9.48,Wholesale,In-store,0
ENNYNSDM1O,F14Z4GVI,RMQYP,11,239.93,2639.23,9/16/2022 14:58,9/30/2022 14:58,Debit Card,Delivered,North,TRUE,0.18,TRUE,FALSE,Electronics,1.2,27.87,Online,Catalog,0
0UMBQZVN8S,AA7C5VNE,74KQE,15,405.59,6083.85,11/25/2022 2:59,11/29/2022 2:59,Cash on Delivery,Shipped,West,TRUE,0.08,TRUE,FALSE,Health & Beauty,1.3,36.38,Online,Online,0
8SVWKAAP37,09WU7KLZ,SLK63,4,215.84,863.36,7/4/2022 13:54,7/17/2022 13:54,Credit Card,Cancelled,North,FALSE,0.07,FALSE,TRUE,Fashion,1.1,15.38,Wholesale,In-store,0
O20YIK8LN4,OIV6NF5Z,BCAEG,8,186.39,1491.12,6/20/2022 9:50,6/22/2022 9:50,PayPal,Returned,West,TRUE,0.03,FALSE,TRUE,Fashion,3.1,7.45,Online,In-store,0
QCZ2IHPNJT,E29CRS3O,83T2J,9,97.95,881.55,12/11/2022 4:45,12/23/2022 4:45,PayPal,Cancelled,East,TRUE,0.09,FALSE,FALSE,Health & Beauty,4.5,47.49,Wholesale,Online,0
NS9V4L3FX6,SPTGTCJQ,EGTAF,9,302.36,2721.24,4/30/2022 0:26,5/1/2022 0:26,Credit Card,Shipped,East,FALSE,0.1,FALSE,FALSE,Fashion,1.2,36.46,Direct,Catalog,0
1GQ7F2OU0S,T14BVU6W,GUML8,17,467.76,7951.92,8/17/2022 5:13,8/30/2022 5:13,PayPal,Cancelled,South,TRUE,0.11,FALSE,FALSE,Fashion,3.4,37.86,Wholesale,In-store,0
CGH2J7STBR,LKJNYRMS,XEU22,19,281.58,5350.02,3/14/2022 5:29,3/28/2022 5:29,Credit Card,Returned,West,TRUE,0.04,FALSE,FALSE,Home & Garden,1.9,30.63,Retail,Catalog,0
JS6B712G9N,EQ53A6PQ,63ZDI,3,485.42,1456.26,2/12/2022 14:40,2/20/2022 14:40,Cash on Delivery,Delivered,West,TRUE,0.02,TRUE,TRUE,Electronics,1.2,26.95,Wholesale,Online,0
IGUELX5A8U,6AP3DKYW,4X6QS,8,351.21,2809.68,5/17/2022 19:04,5/21/2022 19:04,Debit Card,Cancelled,South,FALSE,0.04,FALSE,TRUE,Health & Beauty,1.1,8.03,Retail,In-store,0
99DC8HHB5Y,GNVY80FR,KAN4S,19,232.31,4413.89,9/22/2022 21:59,10/5/2022 21:59,PayPal,Returned,North,TRUE,0.18,FALSE,FALSE,Health & Beauty,5,14.76,Online,Catalog,0
OOC2GK8KHG,23YD5HX8,31R0Q,17,139.03,2363.51,9/7/2022 20:15,9/16/2022 20:15,PayPal,Shipped,South,TRUE,0.15,FALSE,FALSE,Health & Beauty,2.3,22.26,Retail,Catalog,0
D2QYQRH51P,3EOO65N3,9QRLJ,15,318.2,4773,9/29/2022 13:48,10/8/2022 13:48,Credit Card,Shipped,North,TRUE,0.05,FALSE,TRUE,Sports,4.2,13.35,Wholesale,Catalog,0
ONAVB9IGRH,Z9XNUP4O,0JH8V,1,246.87,246.87,4/13/2022 7:24,4/14/2022 7:24,Cash on Delivery,Delivered,North,TRUE,0.15,FALSE,FALSE,Home & Garden,2,14.6,Retail,Online,0
V4ZF41U2SY,DS4V20PO,PLXAW,5,241.16,1205.8,2/2/2022 3:05,2/6/2022 3:05,Credit Card,Cancelled,North,TRUE,0.03,FALSE,TRUE,Electronics,3.9,34.08,Direct,Catalog,0
AMTHYT8VSW,W0F47XJQ,6L2QD,9,146.04,1314.36,2/12/2022 2:19,2/24/2022 2:19,PayPal,Returned,West,FALSE,0.17,TRUE,TRUE,Electronics,1.5,28.28,Direct,Catalog,0
4T0ZMZP1CW,MHM01KBV,VRGHT,15,361.26,5418.9,9/28/2022 3:51,10/2/2022 3:51,Debit Card,Cancelled,East,TRUE,0.11,FALSE,FALSE,Fashion,1.7,11.52,Direct,Online,0
O7TJ8GYC73,HYNPN7VX,D3RLJ,12,363.82,4365.84,12/15/2022 17:46,12/18/2022 17:46,Credit Card,Shipped,East,TRUE,0.15,FALSE,TRUE,Sports,1.4,14.79,Wholesale,Catalog,0
5J30GWA4O3,MQKY0Y64,58POH,17,280.57,4769.69,11/12/2022 17:07,11/23/2022 17:07,Cash on Delivery,Returned,East,TRUE,0.19,TRUE,TRUE,Health & Beauty,2.2,15.84,Direct,In-store,0
1RMDSNKXE3,6F7TL789,3MO78,13,40.89,531.57,2/17/2022 19:23,2/24/2022 19:23,PayPal,Cancelled,East,TRUE,0,FALSE,TRUE,Health & Beauty,4.3,49.29,Retail,In-store,0
ORXKNMUATZ,6JAHLYSH,C0MAO,16,261.07,4177.12,4/26/2022 10:24,5/3/2022 10:24,Debit Card,Returned,North,FALSE,0.16,FALSE,FALSE,Electronics,3.4,14.83,Retail,In-store,0
TW1OSOS48T,BHF2ITZB,8CA58,17,123.53,2100.01,7/19/2022 3:43,7/27/2022 3:43,Credit Card,Delivered,South,TRUE,0.19,FALSE,TRUE,Health & Beauty,4.2,33.37,Wholesale,In-store,0
E5QLEZ4XMN,BJVIBIOX,1TXPF,2,105.23,210.46,9/27/2022 15:30,10/11/2022 15:30,Credit Card,Delivered,East,TRUE,0.07,FALSE,FALSE,Sports,1.6,49.18,Direct,Catalog,0
0BS2PVV7RV,C9WGUML4,BNGEA,8,253.72,2029.76,11/28/2022 1:42,12/5/2022 1:42,Cash on Delivery,Shipped,North,TRUE,0.07,TRUE,FALSE,Health & Beauty,1.5,42,Online,Online,0
3BAAXBR5U7,QJHPADX3,TJPD1,17,260.55,4429.35,10/4/2022 17:43,10/6/2022 17:43,Cash on Delivery,Returned,South,TRUE,0.02,TRUE,TRUE,Electronics,4.4,48.78,Online,Online,0
HR71TSQ480,T8Y2LW6I,L02O8,11,396.55,4362.05,9/12/2022 15:16,9/24/2022 15:16,Cash on Delivery,Delivered,West,FALSE,0.07,TRUE,FALSE,Fashion,2.6,18.58,Retail,In-store,0
MA8X45QRRJ,Q8CP3QSN,3OL72,16,74.92,1198.72,11/22/2022 17:03,11/25/2022 17:03,Cash on Delivery,Returned,South,FALSE,0.15,TRUE,FALSE,Sports,1,39.68,Direct,Catalog,0
PN3123JKI1,6IV5UFGP,OJQP6,13,442.6,5753.8,1/31/2022 22:56,2/2/2022 22:56,Cash on Delivery,Delivered,West,FALSE,0.14,FALSE,TRUE,Sports,4.2,24.45,Online,Catalog,0
UCWOPQT1P9,BC3G781Y,F1DWD,6,283.11,1698.66,2/28/2022 11:13,3/10/2022 11:13,Cash on Delivery,Cancelled,West,FALSE,0.15,FALSE,FALSE,Sports,2.1,10.92,Retail,Online,0
2RHLEI8SOW,RW8R3XWO,DRK8B,1,243.47,243.47,6/26/2022 22:44,7/6/2022 22:44,Credit Card,Delivered,East,TRUE,0.09,FALSE,TRUE,Home & Garden,3.1,24.89,Online,Online,0
7T7RV7ZLTW,LCXOQC3E,X45Y4,9,148.92,1340.28,9/2/2022 22:04,9/6/2022 22:04,PayPal,Returned,West,TRUE,0.04,FALSE,TRUE,Electronics,4.2,7.56,Retail,Catalog,0
RWQ8S3BOWA,7VRG12OV,JGZ0M,8,111.23,889.84,6/25/2022 5:52,7/1/2022 5:52,Credit Card,Returned,North,TRUE,0.14,TRUE,FALSE,Sports,1.7,8.14,Direct,Online,0
TCIJLTDCTJ,P7F7H3P0,NEWS9,6,447.1,2682.6,2/2/2022 10:42,2/3/2022 10:42,PayPal,Cancelled,West,FALSE,0.09,FALSE,TRUE,Sports,1.2,40.99,Retail,In-store,0
UA4R8OA6T2,F2H65L76,SVEAO,3,240.05,720.15,4/16/2022 12:21,4/27/2022 12:21,Debit Card,Delivered,North,FALSE,0.12,TRUE,TRUE,Electronics,4.8,34.05,Online,Online,0
SGG2DYOKZM,86O7Q34P,4VTAE,19,282.65,5370.35,6/29/2022 19:20,7/9/2022 19:20,Cash on Delivery,Shipped,South,TRUE,0.03,FALSE,FALSE,Health & Beauty,3.6,29.27,Online,Online,0
5LVGUXUYBJ,4M25A8F0,MBJLG,14,202.41,2833.74,6/13/2022 2:03,6/18/2022 2:03,Cash on Delivery,Shipped,East,FALSE,0.04,TRUE,FALSE,Fashion,4.6,29.47,Online,In-store,0
REQFEMHHPA,HUCYZCAN,XQ9SG,14,442.2,6190.8,9/30/2022 8:38,10/10/2022 8:38,Debit Card,Shipped,North,FALSE,0.14,TRUE,FALSE,Electronics,2.6,45.68,Wholesale,Online,0
I7ZY1B49WB,N91Q7TDJ,2YO1G,16,241.88,3870.08,4/14/2022 0:07,4/21/2022 0:07,PayPal,Delivered,West,TRUE,0.14,TRUE,TRUE,Health & Beauty,1.1,37.91,Online,In-store,0
TXMUZNN7HZ,KW44J3K3,84YWA,9,88.66,797.94,6/28/2022 21:22,7/6/2022 21:22,Debit Card,Shipped,West,TRUE,0.05,FALSE,FALSE,Home & Garden,3,47.92,Direct,Online,0
VRIWZPY3NG,KR9JH693,ACHFC,10,234.04,2340.4,11/23/2022 4:44,11/26/2022 4:44,Debit Card,Returned,North,TRUE,0.12,FALSE,TRUE,Home & Garden,4.3,45.9,Online,Catalog,0
J2QH7B1HWD,QGGZ6PXX,64H3M,15,88.11,1321.65,7/13/2022 19:01,7/18/2022 19:01,Debit Card,Shipped,West,TRUE,0.08,FALSE,TRUE,Sports,1.3,24.08,Retail,Online,0
YU2XUPQWRB,GR4CR31B,N5L0Y,19,366.57,6964.83,1/3/2022 12:13,1/13/2022 12:13,Cash on Delivery,Returned,East,FALSE,0.06,FALSE,TRUE,Sports,1.5,24.97,Retail,Catalog,0
05FP2I8CNV,YEC3AFL7,DGMCY,17,18,306,10/3/2022 15:14,10/12/2022 15:14,Debit Card,Cancelled,South,FALSE,0.08,TRUE,TRUE,Fashion,4.7,9.48,Direct,Online,0
5YTUEYGQQD,F0XBKT84,U55WU,4,58.25,233,10/30/2022 17:45,11/11/2022 17:45,Credit Card,Shipped,East,FALSE,0.01,FALSE,FALSE,Fashion,1.3,15.67,Wholesale,Catalog,0
013G4RTFMU,UZJQF9LJ,0FGEY,7,265.96,1861.72,9/19/2022 14:14,9/26/2022 14:14,Debit Card,Shipped,North,TRUE,0.13,TRUE,FALSE,Sports,3.2,6.46,Online,In-store,0
PGJ3OQVICP,4P4OXMH4,WZFEQ,14,387.83,5429.62,3/2/2022 23:22,3/4/2022 23:22,Cash on Delivery,Returned,East,TRUE,0.1,TRUE,TRUE,Fashion,4.9,16.01,Online,In-store,0
17D0PQYZQ4,2NNITMF9,364GC,14,210.44,2946.16,11/30/2022 6:41,12/10/2022 6:41,Cash on Delivery,Delivered,East,FALSE,0.13,TRUE,TRUE,Sports,3,49.52,Direct,Online,0
7ZXYFXIKRU,W5I9TUKR,S8XZO,7,163.25,1142.75,9/4/2022 14:52,9/16/2022 14:52,Cash on Delivery,Delivered,West,TRUE,0.01,FALSE,FALSE,Fashion,3.7,22.13,Online,Catalog,0
2248VX8GHI,365OHLQM,DSMC7,6,336.27,2017.62,3/25/2022 16:30,3/29/2022 16:30,Credit Card,Cancelled,East,TRUE,0.08,FALSE,FALSE,Fashion,3.2,17.92,Direct,Online,0
FO6KECEJJN,ER09DG5X,DNMVP,15,213.28,3199.2,2/28/2022 4:31,3/5/2022 4:31,Debit Card,Cancelled,West,TRUE,0.17,TRUE,FALSE,Fashion,4.7,7.07,Wholesale,In-store,0
WC4XNEWTAY,TWGIAP78,W8RC6,6,230.05,1380.3,5/3/2022 14:37,5/11/2022 14:37,Debit Card,Returned,North,FALSE,0.2,FALSE,FALSE,Health & Beauty,4.9,45.72,Retail,In-store,0
XCCCO9Z7GW,04BOYBAS,9SCVN,8,69.32,554.56,12/23/2022 10:57,12/24/2022 10:57,PayPal,Delivered,West,TRUE,0.05,TRUE,FALSE,Home & Garden,3,45.12,Wholesale,Online,0
467CZ80ATX,U93UP3MJ,DFTHR,15,198.77,2981.55,5/13/2022 10:53,5/17/2022 10:53,PayPal,Shipped,South,FALSE,0.02,TRUE,FALSE,Home & Garden,3.5,10.98,Retail,In-store,0
IVRH6TWW6R,BS8JP5E3,PR0OH,10,168.96,1689.6,1/22/2022 6:40,1/29/2022 6:40,PayPal,Cancelled,North,FALSE,0.16,FALSE,FALSE,Electronics,3,18.33,Direct,Catalog,0
EPOS7GQ8BV,OXWVA21Y,RPJ7H,13,421.2,5475.6,6/17/2022 8:46,6/18/2022 8:46,Credit Card,Shipped,South,TRUE,0.1,FALSE,TRUE,Health & Beauty,4.8,33.53,Retail,In-store,0
46UYQ59Y3N,1KP3ARJ7,LJXKR,18,264.62,4763.16,9/8/2022 4:11,9/19/2022 4:11,Cash on Delivery,Shipped,North,FALSE,0,TRUE,FALSE,Sports,1.6,10.93,Direct,Catalog,0
1JO1M3CY0W,RMTCLRV0,KT0FY,11,231.39,2545.29,1/28/2022 16:51,2/5/2022 16:51,PayPal,Returned,North,TRUE,0.06,TRUE,TRUE,Health & Beauty,1.6,23.79,Wholesale,In-store,0
61CAEQAA8I,IGQENG9H,S94TV,13,306.02,3978.26,12/21/2022 12:32,12/26/2022 12:32,Cash on Delivery,Cancelled,West,FALSE,0.01,FALSE,FALSE,Electronics,1.1,49.08,Online,Online,0
GYPDSRBNSL,IYL55BF6,IGV2Q,2,300.19,600.38,11/2/2022 0:43,11/13/2022 0:43,Credit Card,Returned,West,FALSE,0.08,TRUE,FALSE,Fashion,3.2,17.22,Wholesale,Catalog,0
EGH87H1CFP,KZR5NIDG,7U6OH,19,485.34,9221.46,4/13/2022 9:30,4/22/2022 9:30,Cash on Delivery,Cancelled,South,FALSE,0.18,FALSE,TRUE,Sports,3.8,17.5,Wholesale,Catalog,0
R0LQ2LG5IB,B4FCL0W3,POH6W,19,377.79,7178.01,9/25/2022 13:32,10/9/2022 13:32,Cash on Delivery,Delivered,East,FALSE,0.18,FALSE,FALSE,Home & Garden,4.4,7.19,Direct,In-store,0
YVH7DFC6GK,MV4SUHFF,DF58M,4,171.67,686.68,11/16/2022 4:20,11/19/2022 4:20,Debit Card,Delivered,North,FALSE,0.1,TRUE,TRUE,Home & Garden,3,22.41,Direct,Online,0
9D41Y505Q1,HGOOCH6H,SV9DT,1,314.97,314.97,4/22/2022 5:08,4/24/2022 5:08,Debit Card,Returned,North,FALSE,0.14,FALSE,FALSE,Home & Garden,3.6,29.68,Direct,Catalog,0
WU2ABIY3MW,VD3YH3HW,JHMO1,6,276.4,1658.4,3/14/2022 1:29,3/21/2022 1:29,Credit Card,Returned,East,TRUE,0.01,TRUE,FALSE,Health & Beauty,3.8,5.35,Wholesale,Online,0
IH9L6ZPNLE,JQJXH1AW,8061N,19,283.45,5385.55,3/30/2022 7:28,4/12/2022 7:28,PayPal,Returned,West,TRUE,0.1,TRUE,FALSE,Health & Beauty,1.6,24.15,Direct,In-store,0
D6DFHJUSEG,2F7IN2QV,PL6VQ,12,14.17,170.04,1/6/2022 16:07,1/19/2022 16:07,Debit Card,Cancelled,North,TRUE,0.02,TRUE,TRUE,Electronics,3.3,36.29,Direct,In-store,0
47QNFAEB9Z,UM960M4J,N6520,14,364.83,5107.62,10/28/2022 23:49,11/7/2022 23:49,Debit Card,Cancelled,East,FALSE,0.05,FALSE,FALSE,Fashion,2.8,48.74,Online,In-store,0
PLI3ZUU4WF,5PMU9YP9,E3IVS,6,458.25,2749.5,6/10/2022 4:24,6/16/2022 4:24,Cash on Delivery,Returned,South,FALSE,0.09,FALSE,TRUE,Home & Garden,3.7,34.19,Direct,Catalog,0
RFYHW4Q789,W4G71L6G,02HA3,1,397.51,397.51,6/23/2022 15:13,7/7/2022 15:13,PayPal,Delivered,East,TRUE,0.09,FALSE,FALSE,Electronics,3.1,36.23,Direct,Catalog,0
2U7UHMRTUX,Q5CLPEJN,DP8N5,6,235.89,1415.34,11/20/2022 16:46,11/25/2022 16:46,Credit Card,Shipped,South,FALSE,0.11,TRUE,TRUE,Electronics,4.5,44.6,Retail,Catalog,0
1B845INY6X,CEH7E779,A489O,13,75.4,980.2,7/19/2022 17:13,7/20/2022 17:13,PayPal,Shipped,South,TRUE,0.17,TRUE,TRUE,Sports,3,46.51,Retail,Catalog,0
8DWSPR6UDP,NJ49WUBQ,X7C15,4,69.25,277,2/20/2022 4:39,2/21/2022 4:39,PayPal,Cancelled,East,FALSE,0.06,TRUE,TRUE,Fashion,1.2,10.22,Direct,Online,0
99LIPIWKEN,IO378RIT,79QKC,17,200.68,3411.56,12/6/2022 12:44,12/16/2022 12:44,Cash on Delivery,Shipped,South,TRUE,0.06,FALSE,FALSE,Fashion,1.6,44.88,Retail,In-store,0
V9DTVZVE8Q,4ZAXS5S9,AU8WX,5,126.64,633.2,5/18/2022 7:31,5/26/2022 7:31,Cash on Delivery,Delivered,North,TRUE,0.13,FALSE,FALSE,Sports,2.8,8.44,Direct,Catalog,0
L1M2CBRRXF,A2G91JA5,NBP35,17,440.46,7487.82,8/11/2022 2:37,8/14/2022 2:37,Cash on Delivery,Shipped,South,TRUE,0.1,FALSE,FALSE,Electronics,2.9,13.3,Online,Catalog,0
T1B3IBOB16,C5FJSVV3,QDBM0,3,450.05,1350.15,2/5/2022 3:50,2/13/2022 3:50,Credit Card,Cancelled,West,TRUE,0.11,TRUE,TRUE,Home & Garden,2.2,49.91,Online,Online,0
R38PMVZ7E9,GQPJ3CE7,J3Q3S,14,302.68,4237.52,2/1/2022 20:32,2/10/2022 20:32,PayPal,Returned,West,FALSE,0,TRUE,FALSE,Health & Beauty,4.9,34.87,Wholesale,Online,0
6ER4HOJZHI,AGFMVIVB,D17EA,6,40.97,245.82,10/10/2022 16:42,10/19/2022 16:42,Credit Card,Cancelled,South,FALSE,0.1,FALSE,TRUE,Electronics,2.1,15.73,Wholesale,Online,0
6O5TFGAXPE,GEEK2P77,DAA9W,11,221.98,2441.78,11/12/2022 8:20,11/19/2022 8:20,Cash on Delivery,Delivered,North,TRUE,0.12,TRUE,FALSE,Electronics,2.7,31.68,Online,In-store,0
RSFZ5FPB67,ANGQGT25,6TYZ8,18,331.94,5974.92,7/12/2022 10:49,7/23/2022 10:49,Debit Card,Returned,South,FALSE,0.16,FALSE,FALSE,Home & Garden,2.6,6.69,Wholesale,Catalog,0
D8F7GV0J7D,523RU0TQ,2JTGP,17,363.49,6179.33,8/26/2022 3:03,9/8/2022 3:03,PayPal,Delivered,North,TRUE,0.16,FALSE,TRUE,Sports,4.9,45.04,Retail,Online,0
PI17AK4XFM,757RDVKG,58GKE,16,65.61,1049.76,11/25/2022 7:18,12/5/2022 7:18,Debit Card,Shipped,South,TRUE,0.02,TRUE,FALSE,Electronics,4.1,5.98,Direct,Catalog,0
7TKSNOXEXL,IVNW07N6,KV3G8,18,221.82,3992.76,11/13/2022 17:13,11/19/2022 17:13,Debit Card,Delivered,East,TRUE,0.04,FALSE,TRUE,Fashion,2.7,19.63,Direct,Catalog,0
6DA4RBLN5Q,NUU3W89F,GG2A9,12,298.95,3587.4,6/9/2022 14:21,6/20/2022 14:21,Cash on Delivery,Cancelled,East,TRUE,0.17,FALSE,TRUE,Electronics,4.7,49.25,Direct,Catalog,0
MA7W6LVE7C,FSOG4HRN,HOVHM,19,392.66,7460.54,1/30/2022 15:32,2/2/2022 15:32,Cash on Delivery,Delivered,West,FALSE,0.15,TRUE,FALSE,Electronics,1.8,45.44,Retail,Online,0
377MEYPZLM,UO2M7D9I,YWDAG,2,57.66,115.32,10/5/2022 20:25,10/11/2022 20:25,PayPal,Returned,South,TRUE,0.12,TRUE,TRUE,Health & Beauty,2,12.61,Direct,Catalog,0
OQNCNWV5LE,0K8ADL3H,NEL46,19,38.68,734.92,4/4/2022 0:04,4/6/2022 0:04,PayPal,Shipped,South,TRUE,0.02,TRUE,FALSE,Home & Garden,2.8,49.1,Wholesale,In-store,0
GNYK7UJ1YC,S2Z40WT3,05CKG,12,58.98,707.76,1/30/2022 5:27,2/10/2022 5:27,Credit Card,Returned,North,FALSE,0.1,FALSE,FALSE,Sports,2.8,15.59,Retail,Online,0
XQ080RT3JO,2MN4U70F,4894O,18,178.91,3220.38,5/21/2022 15:34,5/27/2022 15:34,PayPal,Cancelled,North,TRUE,0.13,FALSE,TRUE,Electronics,2.6,24.43,Direct,In-store,0
T804XMBKD3,28KVQUMV,DFHO3,3,334.19,1002.57,1/18/2022 19:20,1/19/2022 19:20,PayPal,Delivered,West,FALSE,0.18,FALSE,TRUE,Home & Garden,3.7,19.58,Online,Online,0
AX9V0G8N4F,4S07VJJF,M3N20,7,64.13,448.91,11/24/2022 23:51,12/1/2022 23:51,Cash on Delivery,Delivered,West,TRUE,0.08,TRUE,FALSE,Home & Garden,2.3,6.35,Direct,In-store,0
YTVJ0FX0K0,TVRUD09F,114P2,15,205.83,3087.45,8/24/2022 21:45,9/3/2022 21:45,Credit Card,Returned,East,TRUE,0.14,FALSE,FALSE,Fashion,3.5,48.16,Direct,In-store,0
5MIDKES7R6,6W8SRHBA,FLJ64,8,434.91,3479.28,10/13/2022 23:17,10/17/2022 23:17,Credit Card,Shipped,West,TRUE,0.11,FALSE,TRUE,Fashion,2.6,28.59,Retail,Catalog,0
AF7763VNW9,UMAANSRZ,CFWMP,5,387.63,1938.15,3/30/2022 8:39,4/9/2022 8:39,Cash on Delivery,Returned,East,FALSE,0.13,FALSE,FALSE,Electronics,2.2,29.18,Retail,In-store,0
OOGOZ3CHGN,EMRX91ZU,7S1G6,13,118.48,1540.24,11/8/2022 9:19,11/22/2022 9:19,Cash on Delivery,Cancelled,West,FALSE,0.05,FALSE,FALSE,Fashion,1.3,7.95,Online,Online,0
4I8DHPOHTQ,PTL3RXXY,GF8Z9,8,89.44,715.52,9/6/2022 7:08,9/9/2022 7:08,Cash on Delivery,Returned,East,TRUE,0.15,TRUE,FALSE,Electronics,2.8,11.9,Wholesale,In-store,0
576OFM2YGF,38WFRBK3,L3FA7,9,359.33,3233.97,9/9/2022 22:51,9/15/2022 22:51,Cash on Delivery,Delivered,South,FALSE,0.06,TRUE,TRUE,Home & Garden,1.3,23.98,Direct,Online,0
UVYFYSOPLK,QWOPFVOT,LNLZD,15,56.85,852.75,7/14/2022 14:48,7/26/2022 14:48,Credit Card,Shipped,South,FALSE,0.13,TRUE,TRUE,Home & Garden,1.8,46.31,Direct,Catalog,0
MNBQ7M804Q,P0SVH9TZ,ZK5RQ,2,188.63,377.26,2/22/2022 20:24,2/23/2022 20:24,Cash on Delivery,Cancelled,North,FALSE,0.08,TRUE,FALSE,Electronics,2.5,16.74,Online,In-store,0
SAI773IYU4,QGFNKQSI,Y7BDE,14,108.25,1515.5,11/7/2022 6:57,11/8/2022 6:57,PayPal,Shipped,South,FALSE,0.02,FALSE,TRUE,Home & Garden,4.4,22.8,Online,Online,0
9TS6ISSHI8,PCP7BLIU,89Q3O,16,296.86,4749.76,8/20/2022 2:19,8/30/2022 2:19,Credit Card,Returned,North,FALSE,0.12,TRUE,FALSE,Sports,3.3,12.65,Direct,Online,0
J79SQLHKJK,X142W82H,KXT5N,7,442.13,3094.91,2/13/2022 6:08,2/14/2022 6:08,Cash on Delivery,Delivered,North,FALSE,0.19,FALSE,TRUE,Electronics,3,18.52,Direct,Catalog,0
HEY96UGK3C,UE85AK5U,CRHXV,19,213.49,4056.31,3/18/2022 20:09,3/31/2022 20:09,PayPal,Delivered,North,TRUE,0.14,FALSE,TRUE,Fashion,1.1,24.17,Online,Online,0
VSKIUZR761,0DKPHE8U,M48EP,13,131.37,1707.81,10/13/2022 0:20,10/18/2022 0:20,Debit Card,Delivered,East,TRUE,0.13,TRUE,FALSE,Fashion,2.5,35.05,Wholesale,Online,0
T8RA3N2JEX,0IH5MWAR,242J9,13,441.53,5739.89,3/24/2022 17:58,4/7/2022 17:58,Credit Card,Cancelled,North,TRUE,0.08,FALSE,FALSE,Electronics,4.6,7.93,Direct,Catalog,0
GGGNV8K14X,39XL0O1P,HJGQV,2,123.22,246.44,10/2/2022 9:19,10/3/2022 9:19,Credit Card,Shipped,West,TRUE,0.03,FALSE,FALSE,Fashion,4.7,18.23,Retail,Catalog,0
PGYYHNJ76K,931KXA5I,3T7Q5,7,252.04,1764.28,8/24/2022 7:59,8/31/2022 7:59,Credit Card,Cancelled,South,TRUE,0.17,FALSE,FALSE,Electronics,1.6,24.21,Retail,Online,0
V2LVB7KJQT,23XVDBA3,36FIW,3,410.84,1232.52,2/12/2022 7:35,2/25/2022 7:35,Debit Card,Shipped,South,TRUE,0.16,FALSE,TRUE,Electronics,2,6.65,Wholesale,Catalog,0
9PVNRKHRUC,8ZKBSU3A,7DRS5,17,62.73,1066.41,10/12/2022 5:21,10/14/2022 5:21,Credit Card,Returned,East,FALSE,0.05,FALSE,FALSE,Home & Garden,3.4,10.29,Retail,Catalog,0
AO0VZ3ZYCZ,XXIEFLRU,CSGET,12,11.31,135.72,4/1/2022 8:24,4/9/2022 8:24,PayPal,Cancelled,East,TRUE,0.13,FALSE,FALSE,Sports,1.9,6.11,Direct,Catalog,0
0ODILIXQAI,1687UO33,3QPAN,18,323.46,5822.28,4/13/2022 1:12,4/24/2022 1:12,Cash on Delivery,Returned,East,TRUE,0.14,TRUE,FALSE,Health & Beauty,3.4,29.18,Wholesale,In-store,0
DQTCLLI34U,ITNUU4SC,0U0P4,8,182.45,1459.6,12/10/2022 21:12,12/18/2022 21:12,Credit Card,Cancelled,East,TRUE,0.15,FALSE,FALSE,Health & Beauty,2.4,32.97,Direct,Online,0
L2CL6E5F55,Q4VJY7MG,4OIUV,7,51.68,361.76,11/25/2022 15:32,12/2/2022 15:32,Credit Card,Shipped,North,FALSE,0.02,FALSE,TRUE,Fashion,2.3,32.51,Wholesale,Online,0
5DDMXJXC8W,NG2G6SWQ,D08P8,9,342.25,3080.25,7/22/2022 3:06,7/25/2022 3:06,Cash on Delivery,Delivered,North,FALSE,0.09,TRUE,FALSE,Fashion,1.3,14.37,Wholesale,In-store,0
P38JKIFGZB,1K53U03U,DW1P4,17,53.24,905.08,2/3/2022 3:22,2/16/2022 3:22,Debit Card,Shipped,South,TRUE,0.14,FALSE,FALSE,Home & Garden,1.6,20.4,Retail,Online,0
8Q0GUPHT7W,H2YYSHZJ,X2FRJ,9,335.03,3015.27,5/25/2022 0:53,6/7/2022 0:53,PayPal,Shipped,West,FALSE,0.11,TRUE,FALSE,Fashion,1.1,7.58,Online,Catalog,0
NAH4HYMYJ8,AMDZ9SEZ,RBG4A,5,34.18,170.9,7/10/2022 4:40,7/18/2022 4:40,PayPal,Returned,East,FALSE,0.14,TRUE,FALSE,Electronics,2.7,12.78,Retail,In-store,0
X9H152503G,D1CANW8E,66JHT,19,337.62,6414.78,12/7/2022 18:27,12/11/2022 18:27,Debit Card,Cancelled,North,TRUE,0.18,FALSE,TRUE,Electronics,3.9,23.44,Direct,Catalog,0
1TT974ZSK6,NS3J4DOB,XE848,2,354.45,708.9,10/8/2022 14:39,10/15/2022 14:39,Cash on Delivery,Delivered,West,FALSE,0.19,FALSE,TRUE,Health & Beauty,4.5,12.05,Direct,Catalog,0
G9IRQV1TW0,25AVFA9C,9GO7Z,19,26.69,507.11,4/30/2022 1:04,5/4/2022 1:04,Credit Card,Returned,South,TRUE,0.17,FALSE,FALSE,Home & Garden,3,10.75,Online,Online,0
R3WU6TLTXP,A8W0N0ZE,W4YL7,4,469.19,1876.76,3/13/2022 2:25,3/15/2022 2:25,Credit Card,Shipped,East,FALSE,0.06,FALSE,TRUE,Electronics,2.4,32.01,Direct,In-store,0
BZ2KXOUWU9,7BEB7NH2,LX32P,8,82.42,659.36,12/10/2022 19:53,12/12/2022 19:53,Debit Card,Delivered,West,TRUE,0.17,FALSE,TRUE,Health & Beauty,3,45.45,Wholesale,In-store,0
RHQYX6DTSM,O1QPEDU2,YDKVO,1,357.36,357.36,3/13/2022 11:22,3/27/2022 11:22,Credit Card,Returned,North,FALSE,0.16,FALSE,FALSE,Home & Garden,1.8,40.84,Online,In-store,0
NTL9M01E54,8LHICJER,LJ3C4,13,156.15,2029.95,3/22/2022 0:24,4/5/2022 0:24,PayPal,Shipped,South,FALSE,0.01,FALSE,FALSE,Electronics,1.8,28.44,Direct,In-store,0
52OOG3T5KB,I8DL3KBT,76YPW,2,391.8,783.6,11/21/2022 12:02,11/22/2022 12:02,Debit Card,Cancelled,East,FALSE,0.07,FALSE,FALSE,Fashion,4.1,38.12,Wholesale,In-store,0
6167D6MA4X,Z1W1BXGF,69Z98,14,498.74,6982.36,6/24/2022 15:10,6/29/2022 15:10,Cash on Delivery,Cancelled,West,FALSE,0.01,FALSE,FALSE,Fashion,2.3,27.36,Online,In-store,0
AK67GKE1Y5,TBX83K9X,TJA28,11,231.84,2550.24,5/29/2022 0:55,5/31/2022 0:55,Debit Card,Cancelled,South,TRUE,0.15,TRUE,TRUE,Sports,2.2,44.99,Retail,Catalog,0
ZA1UBB1807,ZVKZKILD,VHASG,4,180.61,722.44,1/26/2022 17:09,1/31/2022 17:09,Debit Card,Delivered,South,TRUE,0.01,TRUE,FALSE,Home & Garden,4.5,46.33,Online,In-store,0
45OBGAQHBD,BS235NEP,ODO0V,6,469.09,2814.54,5/31/2022 0:27,6/12/2022 0:27,PayPal,Returned,South,FALSE,0.14,TRUE,FALSE,Health & Beauty,1.7,38.67,Retail,Catalog,0
H0SMFT9UFI,P5QE131H,PUQ1L,8,490.44,3923.52,5/15/2022 6:15,5/26/2022 6:15,Credit Card,Cancelled,West,TRUE,0.15,TRUE,FALSE,Sports,3.3,18.79,Online,In-store,0
MG0FNXHP77,5VSQGH1V,H9K0R,19,381.11,7241.09,4/14/2022 1:32,4/15/2022 1:32,Debit Card,Cancelled,East,FALSE,0.13,FALSE,TRUE,Home & Garden,3.1,26.82,Online,In-store,0
4RYVCQFEIZ,OJ89GHNM,54A22,5,281.78,1408.9,11/22/2022 13:23,12/3/2022 13:23,PayPal,Cancelled,East,TRUE,0.15,FALSE,FALSE,Sports,1.2,39.79,Wholesale,In-store,0
3QKC4TTZA2,7OTRA72X,1PZQ7,16,452.54,7240.64,7/11/2022 23:10,7/19/2022 23:10,Debit Card,Shipped,North,TRUE,0.07,FALSE,TRUE,Home & Garden,1.4,26.4,Online,Online,0
MHY8Z7BE1Z,2AE86T4T,MG8DS,14,156.11,2185.54,5/5/2022 3:30,5/11/2022 3:30,Cash on Delivery,Cancelled,South,FALSE,0.07,FALSE,FALSE,Sports,4.3,11.32,Wholesale,In-store,0
BGIK6IYAM2,6IQBTD11,4VOL1,2,43.74,87.48,5/9/2022 12:04,5/22/2022 12:04,Debit Card,Returned,West,TRUE,0.08,FALSE,TRUE,Health & Beauty,2.2,37.34,Retail,Online,0
RD6PD12A5D,F7YXDNBU,U9C12,6,366.61,2199.66,5/15/2022 4:29,5/17/2022 4:29,Debit Card,Cancelled,East,FALSE,0.04,FALSE,FALSE,Fashion,4.9,12.31,Direct,Catalog,0
D0JL5IASVP,JXJ9ZC84,FTL0S,19,353.45,6715.55,6/12/2022 21:50,6/16/2022 21:50,Cash on Delivery,Shipped,South,TRUE,0.04,TRUE,TRUE,Health & Beauty,3.7,38.93,Direct,Catalog,0
SPZ6QJNLP1,NKA5HF9L,Y5FZZ,12,252.85,3034.2,2/12/2022 10:56,2/13/2022 10:56,Debit Card,Returned,West,TRUE,0.02,TRUE,TRUE,Fashion,2.8,19.51,Direct,Catalog,0
U7G5WXZ9SJ,HEOOSIN6,LN0CL,3,250.69,752.07,4/12/2022 7:16,4/25/2022 7:16,Cash on Delivery,Delivered,West,TRUE,0.06,TRUE,TRUE,Electronics,4.6,20.03,Online,Online,0
TO5XI50CJN,ZZMPQBT6,HADEO,17,470.19,7993.23,11/10/2022 18:46,11/16/2022 18:46,PayPal,Returned,North,TRUE,0.2,TRUE,TRUE,Fashion,1.8,29.07,Online,In-store,0
2IJ4AVOXK4,T4SFE2FR,I0R7P,9,159.05,1431.45,9/12/2022 21:47,9/20/2022 21:47,Cash on Delivery,Shipped,West,TRUE,0.18,TRUE,TRUE,Health & Beauty,4.2,37.58,Wholesale,Catalog,0
UZX4ZV54YV,51P4DURX,WOOBM,17,299.52,5091.84,8/24/2022 5:30,9/4/2022 5:30,Cash on Delivery,Delivered,West,FALSE,0.07,TRUE,TRUE,Health & Beauty,3.5,24.57,Wholesale,Online,0
OC9V7YLBVW,5G5ACV7I,XK6NY,18,387.9,6982.2,8/5/2022 16:05,8/12/2022 16:05,Cash on Delivery,Cancelled,North,TRUE,0.06,FALSE,TRUE,Home & Garden,1.9,27.81,Retail,Catalog,0
IGVTTN4MNB,7TSGMWPB,1AGR0,11,122.9,1351.9,2/16/2022 16:30,2/18/2022 16:30,PayPal,Cancelled,South,TRUE,0.01,FALSE,TRUE,Sports,2.9,31.46,Retail,In-store,0
BLAG6N3TVT,LT4J58DX,RORUU,18,460.93,8296.74,12/8/2022 11:25,12/19/2022 11:25,PayPal,Cancelled,West,FALSE,0.19,TRUE,FALSE,Fashion,3.2,30.83,Wholesale,In-store,0
M2B6CJ2XBV,CXHG0R0K,7YPSN,19,264.84,5031.96,12/26/2022 2:01,1/7/2023 2:01,Debit Card,Returned,West,TRUE,0.04,FALSE,TRUE,Fashion,4.8,31.2,Wholesale,Online,0
QH77R60230,J65HBKAU,1QFII,2,233.78,467.56,9/22/2022 17:03,9/30/2022 17:03,PayPal,Shipped,East,TRUE,0.01,TRUE,FALSE,Electronics,5,40.29,Direct,Catalog,0
3C8Y0H8I0L,H7KSY61E,YTKQJ,5,314.04,1570.2,12/5/2022 12:20,12/10/2022 12:20,Cash on Delivery,Delivered,South,FALSE,0.19,TRUE,TRUE,Sports,4.1,43.18,Retail,In-store,0
AUGO646DHC,HOR2WTUM,9NAEJ,1,439.38,439.38,10/17/2022 8:18,10/27/2022 8:18,PayPal,Returned,East,FALSE,0.03,TRUE,TRUE,Home & Garden,2.4,16.37,Retail,Online,0
2G746KEKDC,VJ40XUZC,SHJPX,4,472.49,1889.96,7/18/2022 5:12,7/26/2022 5:12,Cash on Delivery,Shipped,South,TRUE,0.14,TRUE,FALSE,Electronics,2.4,16.45,Wholesale,Catalog,0
NFSZJK71US,7M7IW7LO,NMAVV,15,230.6,3459,8/30/2022 10:15,9/8/2022 10:15,PayPal,Cancelled,East,TRUE,0.01,FALSE,FALSE,Home & Garden,3.1,25.37,Wholesale,In-store,0
QKCR8N2LSB,L7M8855H,YWR6O,19,366.5,6963.5,2/11/2022 12:26,2/18/2022 12:26,Debit Card,Returned,West,FALSE,0.09,TRUE,FALSE,Sports,3.6,43.4,Online,In-store,0
6T32CTQBWN,1V93D4B5,J80YY,5,171.99,859.95,7/4/2022 6:50,7/17/2022 6:50,Debit Card,Shipped,South,FALSE,0,FALSE,TRUE,Sports,4.6,23.62,Retail,In-store,0
8JCQD7PCN0,1LTVG6JR,YZ0NK,1,413.62,413.62,11/5/2022 17:01,11/10/2022 17:01,PayPal,Shipped,North,FALSE,0.06,FALSE,FALSE,Electronics,4.2,37.18,Wholesale,Catalog,0
KBQPA7AC21,0KX8X7WH,7FSZU,18,54.95,989.1,5/15/2022 21:26,5/28/2022 21:26,Cash on Delivery,Cancelled,East,TRUE,0.14,FALSE,TRUE,Health & Beauty,3.1,29.75,Direct,Online,0
7X35RGM8NO,P2QN5TUS,HJUQQ,14,50.81,711.34,7/28/2022 19:22,7/29/2022 19:22,PayPal,Returned,South,FALSE,0.19,TRUE,TRUE,Home & Garden,4.4,11.84,Direct,Catalog,0
ES6S1FW68C,NT8HL0HR,5K7C8,17,455.94,7750.98,8/14/2022 21:47,8/18/2022 21:47,Debit Card,Shipped,North,TRUE,0.04,FALSE,TRUE,Sports,4.6,10.7,Wholesale,Online,0
SSLCB2E6EK,D4152DN8,2SSL2,15,139.68,2095.2,11/12/2022 9:29,11/19/2022 9:29,Debit Card,Shipped,East,FALSE,0.13,FALSE,TRUE,Sports,3.1,22.91,Online,In-store,0
8LGPQGUPBY,CWSSM0VL,U2EYC,15,484,7260,3/28/2022 21:27,4/11/2022 21:27,PayPal,Returned,East,TRUE,0.12,FALSE,TRUE,Sports,1.2,36.54,Wholesale,Online,0
4NTKXLU5VT,4LF1LDOL,XFKBQ,15,267.04,4005.6,5/13/2022 8:16,5/25/2022 8:16,PayPal,Cancelled,South,TRUE,0.01,FALSE,TRUE,Home & Garden,1.4,19.31,Direct,Online,0
K5SQAUAAVV,79P5UWDL,WAKO7,9,280.7,2526.3,12/9/2022 8:54,12/23/2022 8:54,Cash on Delivery,Delivered,South,TRUE,0.16,FALSE,FALSE,Electronics,1.7,44.46,Retail,Online,0
YW1206RSA8,WWDDRWJK,5A8XD,1,393.86,393.86,6/17/2022 6:29,6/19/2022 6:29,Credit Card,Cancelled,North,TRUE,0.01,TRUE,TRUE,Sports,2.9,24.72,Retail,Catalog,0
3M9KE834JX,SEF1VS4X,CDCAE,8,448.8,3590.4,10/4/2022 7:20,10/10/2022 7:20,Credit Card,Shipped,South,TRUE,0.08,FALSE,TRUE,Sports,3.6,37.22,Direct,Online,0
HEXC7VTBCF,N1R32M6R,0T9KT,5,489.3,2446.5,6/15/2022 9:10,6/18/2022 9:10,Cash on Delivery,Cancelled,North,FALSE,0.04,FALSE,FALSE,Sports,2.2,49.31,Retail,In-store,0
8XC3F4AJ17,PO08EBRU,79L9P,2,130.19,260.38,10/15/2022 12:00,10/27/2022 12:00,Cash on Delivery,Cancelled,North,FALSE,0.01,TRUE,FALSE,Home & Garden,2.5,42.07,Direct,Catalog,0
FQ477XY0Q3,X6I83X7E,DQ63G,5,72.73,363.65,9/9/2022 22:09,9/15/2022 22:09,Credit Card,Shipped,East,FALSE,0.14,TRUE,FALSE,Home & Garden,2.6,12.39,Retail,In-store,0
VPUG8PWR7S,XK83P8ZY,4D2JF,17,322.81,5487.77,12/3/2022 10:19,12/7/2022 10:19,Debit Card,Delivered,West,FALSE,0.05,FALSE,FALSE,Home & Garden,2.8,23.14,Direct,Catalog,0
IDQBT9CYWG,HCNKPMDV,1UZ0Y,13,202.24,2629.12,5/3/2022 16:35,5/5/2022 16:35,Cash on Delivery,Shipped,North,FALSE,0.14,FALSE,TRUE,Fashion,1.4,22.87,Online,In-store,0
DEF0YSVPN7,Q5TICP7M,W9O7B,10,127.84,1278.4,3/30/2022 9:35,4/1/2022 9:35,Debit Card,Cancelled,South,TRUE,0.14,FALSE,TRUE,Sports,4.1,21.36,Online,Online,0
ZB93REYTNK,4PQHCD9B,JKLVU,3,325.92,977.76,8/22/2022 22:27,8/28/2022 22:27,Credit Card,Cancelled,North,TRUE,0.19,TRUE,TRUE,Health & Beauty,4.2,49.45,Wholesale,Catalog,0
SOHQD746JZ,HGELLQZJ,LO277,10,450.11,4501.1,3/28/2022 17:35,4/8/2022 17:35,Credit Card,Shipped,North,TRUE,0.12,TRUE,TRUE,Fashion,2.4,6.52,Online,Online,0
O4ABWES3K1,Q5BZROKZ,GEQBX,4,299.39,1197.56,10/18/2022 12:12,10/26/2022 12:12,Credit Card,Cancelled,East,FALSE,0.16,TRUE,FALSE,Electronics,4.7,18.46,Retail,Online,0
RX1TXJDCM1,GBT6BGH1,KJNHV,14,248.27,3475.78,4/21/2022 1:21,4/29/2022 1:21,Cash on Delivery,Cancelled,South,TRUE,0.2,TRUE,TRUE,Sports,3.8,22.53,Direct,Catalog,0
OVWTNH982B,50TU67PI,Q66R2,12,371.12,4453.44,12/16/2022 15:32,12/19/2022 15:32,Cash on Delivery,Cancelled,South,TRUE,0.19,FALSE,TRUE,Health & Beauty,3.7,24.04,Wholesale,Catalog,0
SUHIIQRXTN,LFMG2STZ,5IAV4,18,426.2,7671.6,9/5/2022 3:15,9/17/2022 3:15,Cash on Delivery,Returned,West,FALSE,0.05,FALSE,FALSE,Health & Beauty,4.3,37.35,Retail,Catalog,0
R37QMCE094,MAM4ZXRE,U0Z5H,2,456.61,913.22,5/25/2022 3:25,6/7/2022 3:25,PayPal,Delivered,West,TRUE,0.07,FALSE,TRUE,Health & Beauty,2.5,30.22,Wholesale,Online,0
705IS8VCZO,4FTHATDH,EJMSH,11,292.93,3222.23,7/15/2022 21:02,7/24/2022 21:02,Cash on Delivery,Delivered,East,TRUE,0.08,TRUE,FALSE,Sports,2.2,47.4,Online,Online,0
L23Z3VNS56,SNP1DBWX,EMY49,13,314.48,4088.24,3/28/2022 10:18,4/5/2022 10:18,Credit Card,Shipped,South,FALSE,0.14,TRUE,TRUE,Sports,4.1,34.12,Online,Catalog,0
5WD7TH3I23,GHA4C8V3,QU1CL,12,30.18,362.16,7/14/2022 21:58,7/24/2022 21:58,PayPal,Delivered,South,FALSE,0.16,TRUE,TRUE,Fashion,1.2,33.22,Retail,Online,0
C7W6PDWKMG,WP9U9ZSJ,L2O2R,12,93.21,1118.52,3/6/2022 7:43,3/19/2022 7:43,Credit Card,Delivered,West,FALSE,0.19,TRUE,FALSE,Home & Garden,3.1,5.03,Retail,In-store,0
OOBOIPHC7F,W3HB6QHJ,V9X7W,3,196.49,589.47,2/18/2022 22:57,2/26/2022 22:57,Cash on Delivery,Delivered,West,FALSE,0.05,TRUE,TRUE,Home & Garden,2.8,9.26,Online,In-store,0
QVQ0N5XY2V,SPOQ0V4R,4LT7F,15,287.49,4312.35,11/1/2022 16:28,11/12/2022 16:28,Debit Card,Delivered,West,TRUE,0.02,FALSE,TRUE,Fashion,1.5,21.09,Wholesale,Catalog,0
7FWG84CTZQ,HZ3S6ZVX,6D8OX,7,316,2212,8/4/2022 8:02,8/6/2022 8:02,Credit Card,Returned,West,FALSE,0.08,FALSE,FALSE,Health & Beauty,3.2,21.04,Retail,Catalog,0
Q1J0AXT894,BZIZVVIW,WDDCX,3,92.96,278.88,7/26/2022 16:03,8/2/2022 16:03,Credit Card,Shipped,South,TRUE,0.03,TRUE,FALSE,Sports,4.2,31.37,Direct,Catalog,0
NRXYDY6E1G,RVUFM04E,OZNWJ,12,129.51,1554.12,7/6/2022 1:40,7/19/2022 1:40,PayPal,Cancelled,East,FALSE,0.01,FALSE,TRUE,Health & Beauty,4.8,26.42,Retail,Catalog,0
WHV03JH8DJ,LKJT0FYU,2SGIU,19,377.35,7169.65,5/29/2022 22:15,6/8/2022 22:15,Credit Card,Returned,West,FALSE,0.16,FALSE,TRUE,Fashion,4.6,38.11,Online,Online,0
MWEOWU0ECQ,2MMOVHOU,611JC,13,81.26,1056.38,11/23/2022 0:06,12/5/2022 0:06,PayPal,Delivered,East,TRUE,0.2,TRUE,FALSE,Electronics,3,49.84,Direct,Online,0
VJU81OI5NN,7JB8RADJ,TFBU3,2,465.91,931.82,5/19/2022 21:30,6/2/2022 21:30,PayPal,Cancelled,South,FALSE,0.05,FALSE,TRUE,Health & Beauty,2.3,45.63,Retail,Online,0
YXUE7P3Z96,G189TILN,NX2AP,8,322.54,2580.32,7/26/2022 2:22,8/2/2022 2:22,Cash on Delivery,Cancelled,East,FALSE,0.05,FALSE,FALSE,Fashion,1.7,32.9,Direct,Catalog,0
Q3HHACIOQT,VTAEDPLK,W3K0N,16,402.39,6438.24,4/8/2022 23:53,4/11/2022 23:53,Credit Card,Cancelled,South,TRUE,0.09,FALSE,TRUE,Fashion,3.7,5.96,Retail,In-store,0
S0BU3F1CF6,UNFAH8UB,AN3UF,13,153.17,1991.21,11/16/2022 12:26,11/23/2022 12:26,Debit Card,Cancelled,West,TRUE,0.03,TRUE,FALSE,Home & Garden,2.3,7.3,Wholesale,In-store,0
3YGOV87KCS,D2BA6Y3W,BTE67,10,240.3,2403,6/25/2022 18:27,7/4/2022 18:27,Debit Card,Delivered,West,FALSE,0.17,FALSE,FALSE,Sports,2.5,6.11,Online,In-store,0
2979RF0TYO,EMVC0V49,7IEWV,14,18.71,261.94,9/7/2022 13:56,9/15/2022 13:56,Debit Card,Delivered,North,TRUE,0.16,TRUE,TRUE,Fashion,4.7,15.83,Direct,In-store,0
BHHRK1JO2Z,BL5A3NS2,MD27K,17,154.19,2621.23,10/9/2022 15:45,10/23/2022 15:45,Debit Card,Delivered,North,FALSE,0.16,FALSE,TRUE,Home & Garden,3.7,47.2,Direct,Online,0
G5G6YU9QDM,VQSC1RSY,QXNMM,18,133.71,2406.78,1/30/2022 12:46,2/5/2022 12:46,Credit Card,Shipped,West,FALSE,0.14,TRUE,TRUE,Home & Garden,1.2,29.72,Online,Catalog,0
QHART4EBH5,SZPKE9EB,124GX,11,204.15,2245.65,6/17/2022 16:31,6/29/2022 16:31,Debit Card,Returned,North,TRUE,0.16,FALSE,FALSE,Sports,3.8,44.74,Wholesale,In-store,0
Z8NCOPJAKW,6KK4F947,EXKSS,2,497.17,994.34,9/26/2022 4:20,9/30/2022 4:20,Credit Card,Cancelled,East,TRUE,0.01,FALSE,FALSE,Home & Garden,1.1,20.39,Direct,Catalog,0
FDZZJLJOOO,01K3LRTV,FOT9X,9,110.69,996.21,5/29/2022 0:27,6/7/2022 0:27,Cash on Delivery,Cancelled,North,FALSE,0.13,TRUE,FALSE,Fashion,3.2,16.3,Online,Catalog,0
UOA6MAQUEX,1YTBFEH3,X0OMX,2,159.47,318.94,6/14/2022 0:56,6/15/2022 0:56,Debit Card,Shipped,East,TRUE,0.02,FALSE,TRUE,Electronics,3.1,14.96,Online,Catalog,0
GQFT7OZWLK,XH4K7YSM,TAYA0,17,386.42,6569.14,8/1/2022 14:55,8/8/2022 14:55,PayPal,Delivered,East,FALSE,0.05,TRUE,FALSE,Sports,2.1,16.61,Wholesale,Catalog,0
YT8BH03UEU,8WQ999DP,1Q47A,12,23.27,279.24,10/28/2022 21:36,11/5/2022 21:36,Credit Card,Returned,West,FALSE,0.14,TRUE,TRUE,Home & Garden,4.1,12.6,Online,Catalog,0
WIN1402FKQ,DP6QH2VQ,2QBUH,7,212.75,1489.25,11/29/2022 16:44,12/7/2022 16:44,Cash on Delivery,Shipped,West,FALSE,0.06,TRUE,TRUE,Electronics,2.2,21.02,Retail,Online,0
TJPF4Z1GNK,XT4BYESL,S6GQU,5,46.89,234.45,1/7/2022 0:28,1/16/2022 0:28,PayPal,Delivered,West,TRUE,0.07,FALSE,TRUE,Electronics,4.1,35.99,Direct,In-store,0
7979JSCU5L,JJPRLURS,TXI3S,2,61.63,123.26,6/27/2022 15:08,7/8/2022 15:08,Cash on Delivery,Shipped,East,FALSE,0.14,TRUE,FALSE,Sports,3.1,44.88,Online,Catalog,0
J4LT6E3PEH,9I2CC66T,WCB2X,11,389.96,4289.56,1/21/2022 18:31,2/3/2022 18:31,PayPal,Delivered,North,FALSE,0.16,TRUE,FALSE,Home & Garden,3.3,37.71,Wholesale,Catalog,0
R6EIRP1FHF,QEMPGM5C,AO82P,11,472.58,5198.38,9/28/2022 11:51,9/30/2022 11:51,Cash on Delivery,Delivered,West,FALSE,0.03,FALSE,TRUE,Health & Beauty,4,8.77,Direct,Online,0
WQLH62W38Q,MFU4JYYB,QNT1S,8,117.73,941.84,2/12/2022 15:52,2/23/2022 15:52,Debit Card,Cancelled,West,TRUE,0.14,FALSE,TRUE,Health & Beauty,1.1,44.3,Direct,Catalog,0
AHIIWR2WLS,JKAYHJD2,WQXE4,2,270.29,540.58,4/5/2022 7:37,4/10/2022 7:37,Cash on Delivery,Delivered,East,TRUE,0.14,TRUE,FALSE,Electronics,3.2,29.41,Retail,Catalog,0
GPABCYY2Z6,VYDBHFR5,8TP5C,11,165.83,1824.13,9/3/2022 16:14,9/16/2022 16:14,PayPal,Returned,North,FALSE,0.19,TRUE,TRUE,Fashion,3.5,32.79,Wholesale,In-store,0
0ZMZNSBOS7,IBBCIQHS,SVP4G,1,163.66,163.66,11/3/2022 9:58,11/9/2022 9:58,PayPal,Cancelled,East,TRUE,0.04,FALSE,TRUE,Electronics,2.9,49.57,Online,Catalog,0
QHYI5ZI0AA,I01JH3Y2,RR02V,3,258.06,774.18,6/26/2022 16:08,7/7/2022 16:08,Debit Card,Delivered,East,TRUE,0.08,FALSE,TRUE,Home & Garden,1.6,10.52,Direct,In-store,0
HEN51OKODA,C5DI211C,G4YKH,15,340.09,5101.35,6/28/2022 20:47,7/2/2022 20:47,Credit Card,Returned,North,TRUE,0.02,FALSE,FALSE,Home & Garden,2,7.7,Direct,Online,0
9H6BE64WLL,3HC01M4P,GYT85,1,104.69,104.69,10/15/2022 7:23,10/18/2022 7:23,Debit Card,Shipped,South,FALSE,0.01,TRUE,TRUE,Health & Beauty,1.4,11.04,Retail,Online,0
YP92OWA15D,ONIBAU89,2HT3V,6,481.3,2887.8,5/3/2022 14:46,5/5/2022 14:46,Cash on Delivery,Cancelled,East,FALSE,0.08,FALSE,FALSE,Health & Beauty,1.3,37.02,Wholesale,In-store,0
AWSPDUZ4YO,39ZN5R2W,X3EY9,14,62.27,871.78,5/6/2022 11:02,5/18/2022 11:02,Credit Card,Delivered,South,FALSE,0.06,TRUE,FALSE,Fashion,3,34.57,Online,Catalog,0
7GAVO7H78P,PXEA6J7S,KGTBM,5,455.18,2275.9,7/29/2022 12:28,8/5/2022 12:28,PayPal,Returned,North,FALSE,0.05,TRUE,TRUE,Electronics,4.7,21.81,Online,In-store,0
T6Z3AWLSPQ,S9N1BXGW,TLUTC,6,204.54,1227.24,3/5/2022 10:58,3/19/2022 10:58,Credit Card,Delivered,North,TRUE,0.06,TRUE,TRUE,Electronics,1.4,45.86,Online,In-store,0
G60C60YIR0,MM15Y8J4,W1E83,18,367.7,6618.6,8/18/2022 2:40,8/27/2022 2:40,PayPal,Returned,East,TRUE,0.11,FALSE,TRUE,Health & Beauty,3.3,19.21,Direct,Online,0
XCGV9T645S,X9K1RCEB,QLX26,16,459.05,7344.8,10/22/2022 14:06,10/27/2022 14:06,Cash on Delivery,Shipped,North,TRUE,0.12,FALSE,FALSE,Health & Beauty,3.1,29.21,Direct,In-store,0
QXZHR9M9QZ,ABCEAMBG,BH4YM,4,59.67,238.68,9/30/2022 4:56,10/14/2022 4:56,Cash on Delivery,Cancelled,South,TRUE,0.18,FALSE,FALSE,Fashion,2.8,41.79,Online,In-store,0
10M7L6CS6V,B6TABFYI,ZUHLP,5,325.97,1629.85,3/24/2022 12:48,4/5/2022 12:48,Cash on Delivery,Shipped,West,FALSE,0.16,TRUE,TRUE,Sports,4,32.34,Retail,Catalog,0
ZTDOXVOD6Q,C1CU8Y6F,NVAE7,8,324.97,2599.76,9/25/2022 2:16,10/4/2022 2:16,Cash on Delivery,Returned,East,TRUE,0.18,FALSE,TRUE,Home & Garden,2.3,26.34,Wholesale,In-store,0
LY9LV4T0EO,C34LOR65,JRROY,1,245.12,245.12,9/9/2022 13:23,9/16/2022 13:23,PayPal,Cancelled,South,FALSE,0.01,FALSE,TRUE,Health & Beauty,2.2,6.71,Wholesale,In-store,0
UBYD94UFEO,FZ7RA8WR,FWWF8,5,236.89,1184.45,5/11/2022 4:39,5/25/2022 4:39,Cash on Delivery,Shipped,South,TRUE,0.11,FALSE,FALSE,Sports,4.2,21.85,Wholesale,In-store,0
QIVXSUMB7I,2LTVA0SV,A4O10,10,340.78,3407.8,5/29/2022 21:42,5/31/2022 21:42,PayPal,Shipped,West,FALSE,0.19,FALSE,TRUE,Home & Garden,2,37.38,Wholesale,Catalog,0
96QIQ84BOU,MPAKUSVV,ISPYX,16,24.91,398.56,11/1/2022 9:22,11/7/2022 9:22,Credit Card,Delivered,West,FALSE,0.02,TRUE,FALSE,Home & Garden,1.2,15.25,Retail,Online,0
DKCTP12KUT,XZKXI76M,JX5RL,6,179.3,1075.8,12/27/2022 9:14,1/3/2023 9:14,Cash on Delivery,Shipped,West,TRUE,0.1,TRUE,TRUE,Electronics,4.7,35.02,Wholesale,Catalog,0
4BTDAWNBA7,2PMDO6RJ,48BDH,17,400.1,6801.7,7/14/2022 1:36,7/25/2022 1:36,Debit Card,Shipped,West,TRUE,0.12,TRUE,FALSE,Home & Garden,1.2,13.91,Retail,Online,0
1XDBOUK6QK,TEEX959R,F5JBE,6,304.63,1827.78,11/10/2022 11:11,11/14/2022 11:11,Credit Card,Cancelled,South,FALSE,0.06,FALSE,TRUE,Home & Garden,2.8,10.57,Wholesale,Catalog,0
V3IZD4IHUT,BOQ380QN,34WC0,2,360.65,721.3,9/25/2022 0:40,10/2/2022 0:40,Cash on Delivery,Shipped,North,FALSE,0.02,FALSE,TRUE,Health & Beauty,3,10.39,Direct,Online,0
OEHHJS1T5Q,ZU5M0VGR,ZLD3Z,6,455.04,2730.24,4/6/2022 1:24,4/9/2022 1:24,Debit Card,Shipped,East,TRUE,0.11,TRUE,FALSE,Electronics,2.7,46.54,Retail,In-store,0
LD9H39TSUG,EWAVXCIG,RGQD1,12,52.61,631.32,3/1/2022 3:10,3/10/2022 3:10,Credit Card,Returned,East,FALSE,0.14,FALSE,FALSE,Health & Beauty,4.1,40.62,Online,Catalog,0
6ZHE97ROM7,QZBJAFED,G7MRO,12,197.35,2368.2,9/11/2022 5:01,9/25/2022 5:01,PayPal,Shipped,North,TRUE,0.09,TRUE,TRUE,Electronics,1.9,28.16,Direct,Online,0
S2TGBGITWQ,O61A3OFH,5WM64,14,105.06,1470.84,8/11/2022 16:47,8/16/2022 16:47,Debit Card,Cancelled,South,FALSE,0.06,FALSE,FALSE,Sports,4.5,31.38,Online,In-store,0
JOUUNLNB9A,JYO25QBU,6GAOQ,9,338.51,3046.59,1/10/2022 11:48,1/16/2022 11:48,PayPal,Cancelled,East,FALSE,0.2,TRUE,FALSE,Health & Beauty,4.4,23.65,Wholesale,In-store,0
GN416BX5I0,8A4I2X12,OX3IH,18,421.91,7594.38,9/10/2022 1:14,9/19/2022 1:14,Cash on Delivery,Cancelled,South,FALSE,0.07,TRUE,FALSE,Electronics,4.7,48.23,Wholesale,Catalog,0
B76E99JK6H,U36PV3Y1,Z2578,1,196.03,196.03,8/7/2022 5:53,8/10/2022 5:53,Debit Card,Delivered,East,TRUE,0,FALSE,FALSE,Fashion,2.9,26.37,Retail,In-store,0
5ANW5DB9BR,02M2R6KX,W1XJ6,10,161.24,1612.4,7/9/2022 17:22,7/20/2022 17:22,Credit Card,Shipped,East,TRUE,0.13,FALSE,TRUE,Fashion,4.2,28.2,Direct,Catalog,0
NRAC8MDDWL,K1D6HGXD,58INP,8,19.65,157.2,4/1/2022 2:13,4/8/2022 2:13,Credit Card,Returned,North,FALSE,0.05,TRUE,TRUE,Electronics,4,33.27,Wholesale,In-store,0
FFGRLZ3KO9,J5ZZSU50,MKEOI,4,203.41,813.64,3/21/2022 20:58,3/29/2022 20:58,Debit Card,Returned,North,TRUE,0.08,TRUE,TRUE,Home & Garden,2.3,15.6,Direct,In-store,0
2JMSEMMQ9R,KJCQW5EA,61W6A,3,24.25,72.75,8/23/2022 18:25,9/2/2022 18:25,PayPal,Returned,West,FALSE,0.06,FALSE,TRUE,Electronics,3.4,24.16,Retail,Catalog,0
241GL8OI32,S6J4W116,7YP5G,6,178.29,1069.74,10/19/2022 22:25,10/29/2022 22:25,PayPal,Returned,South,TRUE,0.12,FALSE,TRUE,Home & Garden,2.1,16.75,Online,Online,0
5NJZ8LODBJ,VUH50M0Q,U5JCN,11,458.55,5044.05,10/24/2022 5:03,11/5/2022 5:03,PayPal,Cancelled,West,FALSE,0.18,FALSE,TRUE,Fashion,2.6,18.74,Retail,In-store,0
PNRP8VHGIT,P4SO1JMD,PUA3B,5,296.96,1484.8,9/18/2022 3:43,9/25/2022 3:43,Cash on Delivery,Cancelled,North,FALSE,0.01,TRUE,TRUE,Health & Beauty,3.9,39.94,Retail,Catalog,0
L12Q221F9O,8NZV5EQO,X8NYT,5,214.49,1072.45,1/13/2022 14:51,1/27/2022 14:51,PayPal,Shipped,East,TRUE,0.08,FALSE,FALSE,Health & Beauty,3.4,44.67,Online,In-store,0
5KUPTHXJXQ,R8W1XCD4,60RTT,4,397.25,1589,9/3/2022 0:40,9/12/2022 0:40,Debit Card,Delivered,West,FALSE,0.03,TRUE,TRUE,Home & Garden,3.8,15.23,Wholesale,In-store,0
WOVE759V3O,GUV6Q1J4,QA9CO,5,318.44,1592.2,10/5/2022 8:51,10/12/2022 8:51,Cash on Delivery,Shipped,West,FALSE,0.18,TRUE,TRUE,Fashion,5,34.83,Direct,In-store,0
ZG5X5Y30TT,RCHPYYM1,0ZUE2,6,23.43,140.58,4/2/2022 20:37,4/15/2022 20:37,Cash on Delivery,Cancelled,South,TRUE,0.12,FALSE,TRUE,Fashion,4.8,14.79,Online,Online,0
W7P82QOYJ1,PO41UQRG,7WWCO,2,144.13,288.26,2/27/2022 15:58,3/3/2022 15:58,PayPal,Returned,East,FALSE,0.13,TRUE,FALSE,Sports,1.4,35.29,Online,Online,0
FKEJBH44TZ,9PNPTL47,HVXZD,19,27.14,515.66,8/5/2022 17:40,8/10/2022 17:40,Credit Card,Shipped,North,TRUE,0.09,TRUE,TRUE,Health & Beauty,4.2,48.22,Online,Online,0
3FO70LFX8B,SXIC528Y,ITX6V,12,231.28,2775.36,6/4/2022 15:31,6/5/2022 15:31,Credit Card,Shipped,South,FALSE,0.01,FALSE,TRUE,Fashion,1.9,11.89,Online,In-store,0
0WZD2T3F6R,DXWHLHZ9,NCZG7,7,381.16,2668.12,10/28/2022 10:41,10/29/2022 10:41,Credit Card,Shipped,South,FALSE,0.12,FALSE,TRUE,Sports,4.8,15.89,Online,Online,0
5Y4UYQ8YOI,Z3D85LMG,OTE0X,11,383.94,4223.34,5/29/2022 20:47,6/1/2022 20:47,Cash on Delivery,Cancelled,South,FALSE,0.11,FALSE,TRUE,Electronics,2.8,31.83,Retail,In-store,0
3HKNM9L2VT,E1VQBVFJ,JUL6Q,2,282.05,564.1,5/23/2022 17:46,5/30/2022 17:46,Credit Card,Returned,West,FALSE,0.08,TRUE,FALSE,Sports,3.8,9.18,Wholesale,In-store,0
OZ1VSUKYB6,JZETYL06,YRPG0,17,312.86,5318.62,9/23/2022 19:55,10/7/2022 19:55,Credit Card,Cancelled,North,TRUE,0.12,TRUE,FALSE,Electronics,4.3,49.43,Direct,Catalog,0
WP38WA0NX6,J96D5CR3,6YRFJ,2,410.86,821.72,9/5/2022 2:59,9/14/2022 2:59,Cash on Delivery,Shipped,East,FALSE,0.04,FALSE,FALSE,Home & Garden,1.2,24.41,Retail,Online,0
RGC2WZ8N2S,YU64VFM8,9ON5O,6,427.82,2566.92,3/17/2022 20:28,3/26/2022 20:28,Credit Card,Shipped,South,FALSE,0.05,FALSE,TRUE,Sports,2.4,13.49,Direct,In-store,0
75C7GS48RB,51PJY5IT,PTHD2,7,462.73,3239.11,3/2/2022 1:14,3/11/2022 1:14,PayPal,Returned,South,TRUE,0.2,TRUE,FALSE,Sports,1.6,45.48,Wholesale,In-store,0
1I7Q7BM88B,HNJ4DSI6,A5SGN,7,190.86,1336.02,2/15/2022 1:44,2/22/2022 1:44,Credit Card,Shipped,South,TRUE,0.02,FALSE,FALSE,Electronics,3.3,23.91,Online,Catalog,0
3RRZL6X9EQ,5OA0R1GW,5IKRH,15,451.33,6769.95,7/31/2022 2:17,8/11/2022 2:17,PayPal,Cancelled,West,FALSE,0.17,TRUE,TRUE,Fashion,1.1,18.96,Retail,In-store,0
43PT62XJIH,6TN9H6TR,JTIZR,5,123.31,616.55,6/8/2022 9:45,6/13/2022 9:45,PayPal,Shipped,North,TRUE,0.19,TRUE,TRUE,Health & Beauty,2.2,20.93,Direct,Catalog,0
2B1YCBWA9W,T5CUCVFM,UWJG6,11,208.02,2288.22,11/15/2022 7:19,11/25/2022 7:19,Credit Card,Delivered,East,TRUE,0.04,FALSE,TRUE,Fashion,2,44.81,Online,Online,0
BWCDH5CFCV,BIM0TXS6,V3VGJ,14,186.34,2608.76,7/15/2022 6:18,7/21/2022 6:18,Credit Card,Returned,South,FALSE,0.11,TRUE,FALSE,Fashion,3.2,48.03,Online,In-store,0
FKRUYC6GRB,M4TJYVAQ,HPIGT,12,106.04,1272.48,9/10/2022 12:08,9/15/2022 12:08,Cash on Delivery,Returned,West,TRUE,0.03,FALSE,TRUE,Fashion,1.7,26.67,Direct,In-store,0
52WAG9AIWJ,AIII7YUX,WFHEQ,4,204.47,817.88,1/4/2022 15:22,1/8/2022 15:22,Debit Card,Cancelled,North,FALSE,0.06,FALSE,TRUE,Sports,2.7,19.01,Online,In-store,0
UNEASDX7JZ,5MQX3KSY,IFFK1,18,251.85,4533.3,9/27/2022 17:05,10/4/2022 17:05,PayPal,Returned,West,TRUE,0.16,TRUE,TRUE,Home & Garden,1.3,32.06,Online,Catalog,0
8GD6TEVX0N,H3YDYXEC,AIB1G,7,13.88,97.16,1/1/2022 8:00,1/10/2022 8:00,Cash on Delivery,Cancelled,South,TRUE,0.05,TRUE,TRUE,Electronics,4.1,9.15,Direct,Online,0
1WLKJBUU5S,HVJLQGS4,1F8OY,9,280.27,2522.43,12/7/2022 6:16,12/15/2022 6:16,PayPal,Shipped,West,TRUE,0.04,FALSE,FALSE,Health & Beauty,1.1,28.06,Retail,Catalog,0
8TIJIWQQEM,27C6WBR0,S6T87,15,183.01,2745.15,10/25/2022 15:52,10/27/2022 15:52,Credit Card,Delivered,East,FALSE,0.06,TRUE,FALSE,Sports,4.5,48.13,Direct,In-store,0
S1QMVN3GUG,FFOX2U8D,14RZU,5,351.82,1759.1,11/7/2022 10:49,11/17/2022 10:49,Cash on Delivery,Delivered,North,TRUE,0.07,FALSE,TRUE,Health & Beauty,1.8,6.34,Wholesale,Catalog,0
ZJ5DJ50SIE,7G4GJP20,H55NK,14,51.26,717.64,9/13/2022 16:13,9/26/2022 16:13,PayPal,Delivered,South,FALSE,0.14,FALSE,TRUE,Electronics,4.4,30.5,Retail,In-store,0
CIHKR2NC9U,V66EL06K,0CZ8O,18,389.18,7005.24,9/21/2022 15:55,9/28/2022 15:55,Cash on Delivery,Shipped,South,TRUE,0.09,FALSE,TRUE,Home & Garden,4,13.02,Wholesale,In-store,0
VEL042J9DJ,RPMB812M,CRJ47,13,206.24,2681.12,4/1/2022 18:50,4/11/2022 18:50,Credit Card,Shipped,South,TRUE,0.01,FALSE,TRUE,Home & Garden,4.4,39.72,Direct,Online,0
ZJ4387WU88,CYTWFXFF,G0O7R,13,457.82,5951.66,12/9/2022 23:57,12/17/2022 23:57,PayPal,Shipped,East,TRUE,0.2,TRUE,TRUE,Sports,3.8,39.57,Wholesale,Catalog,0
OP4EVVEGWB,9R9NJ6GJ,03J4S,10,440.8,4408,7/27/2022 9:34,7/29/2022 9:34,Credit Card,Cancelled,South,TRUE,0.16,FALSE,FALSE,Sports,3.6,42.84,Direct,Catalog,0
J6SFFG46U0,WN1PBS2X,KCMHU,19,407.38,7740.22,5/17/2022 23:41,5/28/2022 23:41,Credit Card,Cancelled,North,TRUE,0.18,TRUE,TRUE,Fashion,4,30.25,Online,Online,0
ALQUPEDLPD,6Y43BBK7,9FNIU,11,474.28,5217.08,8/20/2022 2:00,8/28/2022 2:00,Credit Card,Cancelled,East,TRUE,0.13,FALSE,FALSE,Electronics,2.8,32.53,Direct,Catalog,0
YBQBEQ4B6O,J8BSQP9D,QXIJE,2,17.71,35.42,10/3/2022 12:16,10/13/2022 12:16,Debit Card,Delivered,West,TRUE,0.1,FALSE,FALSE,Electronics,1.1,30.17,Retail,In-store,0
ZQJCYZ5HZO,CD4HS05S,8GHC9,3,491.7,1475.1,7/30/2022 22:20,7/31/2022 22:20,Credit Card,Returned,South,FALSE,0.19,FALSE,TRUE,Fashion,4.3,32.35,Wholesale,Online,0
GV6KOJQT3Y,ML7ZKM8X,H9L85,6,16.52,99.12,8/22/2022 14:36,9/2/2022 14:36,Credit Card,Shipped,East,FALSE,0.2,TRUE,FALSE,Fashion,4.3,20.33,Direct,In-store,0
U3V8VDFWTQ,9A8023VY,ACZO4,10,132.8,1328,2/22/2022 0:56,2/24/2022 0:56,Debit Card,Delivered,West,FALSE,0.01,FALSE,FALSE,Electronics,2.2,12.99,Direct,Catalog,0
EK23VZS2MP,L6EF99CZ,QCYT4,5,59.63,298.15,12/11/2022 21:32,12/25/2022 21:32,Credit Card,Cancelled,North,FALSE,0.06,TRUE,TRUE,Health & Beauty,3,18.58,Direct,In-store,0
RRT8VQEPVC,ONV8AGAB,EBL2U,6,461.35,2768.1,10/16/2022 6:02,10/22/2022 6:02,Credit Card,Cancelled,South,FALSE,0.01,FALSE,TRUE,Fashion,2.4,22.53,Direct,Online,0
W4UAOQYOPZ,O713U9XV,75E9A,4,425.84,1703.36,8/31/2022 12:43,9/12/2022 12:43,Cash on Delivery,Shipped,East,FALSE,0.04,FALSE,FALSE,Fashion,3.8,40.06,Direct,In-store,0
GCJZAWSLID,R612297V,PH9P8,18,308.75,5557.5,3/28/2022 17:45,4/11/2022 17:45,Debit Card,Cancelled,East,FALSE,0.1,TRUE,FALSE,Fashion,1.4,19.46,Online,Catalog,0
P5G80A4JI7,JSICW56U,YYKOQ,16,494.98,7919.68,6/24/2022 4:02,7/5/2022 4:02,Debit Card,Delivered,South,TRUE,0.02,TRUE,FALSE,Fashion,4.1,27.85,Wholesale,Catalog,0
R7A6775ERH,ZPQBL6G8,TEYBF,12,473.81,5685.72,1/17/2022 16:29,1/23/2022 16:29,Credit Card,Delivered,North,FALSE,0.18,FALSE,TRUE,Home & Garden,1.3,26.63,Retail,In-store,0
LRYODCAXG0,1WX8TNMH,HFY7Z,11,84.23,926.53,10/7/2022 11:31,10/19/2022 11:31,Credit Card,Cancelled,West,FALSE,0.05,TRUE,TRUE,Sports,2.8,40.61,Direct,In-store,0
81PRMGIF28,005PUTOG,PJCVN,10,264.27,2642.7,5/25/2022 18:29,5/27/2022 18:29,PayPal,Cancelled,South,TRUE,0.12,FALSE,TRUE,Health & Beauty,2.4,13.74,Wholesale,Online,2642.7
HJRFPA0FSV,UL816547,OVIE5,8,218.98,1751.84,11/27/2022 5:27,12/4/2022 5:27,Credit Card,Delivered,West,TRUE,0.12,FALSE,TRUE,Sports,4.7,39.55,Retail,Online,1751.84
EGX62WNTZW,C3VSUPJ2,7OCWY,15,61.37,920.55,9/26/2022 17:07,10/1/2022 17:07,PayPal,Returned,East,FALSE,0.19,TRUE,TRUE,Home & Garden,1.5,11.34,Direct,Online,920.55
LD6ZOFQMTO,TF5JFEWP,S9AJ5,6,166.04,996.24,3/23/2022 1:24,3/25/2022 1:24,Debit Card,Returned,North,FALSE,0.06,FALSE,TRUE,Home & Garden,1.4,5.17,Direct,In-store,996.24
I5VZS617AK,R1QWBPST,T5J5H,8,357.35,2858.8,6/17/2022 20:19,6/22/2022 20:19,PayPal,Shipped,North,TRUE,0.11,FALSE,TRUE,Fashion,3.9,41.09,Wholesale,Online,2858.8
W4GO5P0W3Y,75OP5Q2K,7QX18,3,411.68,1235.04,7/13/2022 18:01,7/21/2022 18:01,Credit Card,Delivered,South,FALSE,0.17,TRUE,TRUE,Sports,2.2,17.27,Retail,Catalog,1235.04
QISC6L7W77,EO0WIF88,L1ENV,3,279.22,837.66,3/17/2022 11:52,3/26/2022 11:52,Cash on Delivery,Delivered,East,TRUE,0.18,TRUE,FALSE,Sports,3.5,44.95,Direct,In-store,837.66
V78Z0WQVY4,1VTH8MY1,BKV2D,4,406.22,1624.88,12/19/2022 13:47,12/27/2022 13:47,Credit Card,Cancelled,South,FALSE,0.16,FALSE,FALSE,Sports,4.1,47.14,Online,Catalog,1624.88
XQB64F9NV7,07KG1UI7,L0CC7,16,296.67,4746.72,7/14/2022 13:35,7/16/2022 13:35,PayPal,Shipped,East,FALSE,0.03,FALSE,TRUE,Home & Garden,2.5,45.97,Retail,In-store,4746.72
R6T1XW163N,09KDWS3F,7ZOGZ,6,101.2,607.2,3/13/2022 8:36,3/22/2022 8:36,PayPal,Cancelled,East,FALSE,0.19,TRUE,FALSE,Fashion,3.1,9.16,Retail,Catalog,607.2
99KHEED0D7,G57S5U95,6QZIA,7,280.96,1966.72,3/9/2022 21:24,3/18/2022 21:24,Debit Card,Cancelled,West,TRUE,0.13,TRUE,FALSE,Fashion,3.7,9.68,Wholesale,Online,1966.72
PE4UCZJ5RL,MSLBSOKJ,2666O,19,102.5,1947.5,12/8/2022 1:10,12/15/2022 1:10,Cash on Delivery,Delivered,West,FALSE,0.12,FALSE,TRUE,Sports,4.9,13.46,Direct,Online,1947.5
0HAM0YYFW2,RT0Q9ANR,4RAGO,7,311.23,2178.61,12/10/2022 4:56,12/11/2022 4:56,Debit Card,Returned,South,FALSE,0.07,FALSE,TRUE,Home & Garden,1.6,10.43,Wholesale,Online,2178.61
Q1ZL8MW5KE,NFXOKY6K,SKE8N,2,13.04,26.08,3/15/2022 4:06,3/25/2022 4:06,Cash on Delivery,Shipped,West,FALSE,0.11,FALSE,FALSE,Electronics,4.8,33.99,Wholesale,Catalog,26.08
89MHJUOO9Z,7FHAEA8F,IHEU4,4,251.99,1007.96,7/7/2022 2:33,7/15/2022 2:33,Debit Card,Shipped,South,FALSE,0.03,FALSE,FALSE,Home & Garden,4.5,39.24,Online,In-store,1007.96
9BIX9G1DCH,QSV7ZW4Z,AUV4D,15,155.88,2338.2,1/23/2022 15:09,2/5/2022 15:09,Debit Card,Cancelled,West,FALSE,0.03,TRUE,FALSE,Home & Garden,4.9,40.14,Direct,Online,2338.2
4UU611JA1F,VEJ68DF0,LM6H1,8,384.32,3074.56,6/7/2022 13:30,6/12/2022 13:30,PayPal,Delivered,West,FALSE,0.16,FALSE,TRUE,Electronics,4.2,41.94,Direct,Catalog,3074.56
RDPO8DVAHE,4JDUFZVN,PL8JV,18,381.4,6865.2,11/10/2022 16:55,11/22/2022 16:55,PayPal,Shipped,South,TRUE,0.09,FALSE,FALSE,Health & Beauty,1.5,5.22,Direct,In-store,6865.2
HAUHJ6M3FR,IT2KAQ4T,A4VVW,4,135.59,542.36,7/9/2022 12:34,7/21/2022 12:34,Credit Card,Returned,North,FALSE,0.02,FALSE,TRUE,Home & Garden,4.3,14.52,Online,Catalog,542.36
H3DPEQJ3CC,5TF3CUN5,5VBEO,1,363.31,363.31,2/24/2022 10:41,3/8/2022 10:41,Cash on Delivery,Returned,North,FALSE,0.14,TRUE,TRUE,Health & Beauty,3.9,20.4,Retail,In-store,363.31
DF0UKWSN58,OWC1FGM1,8EZR7,11,263.02,2893.22,8/24/2022 15:42,9/5/2022 15:42,PayPal,Delivered,South,TRUE,0.11,FALSE,FALSE,Sports,1.5,35.22,Retail,Catalog,2893.22
9CSZOVZKGV,UB8NK3OK,UD6VU,14,333.57,4669.98,1/19/2022 17:01,1/20/2022 17:01,Cash on Delivery,Cancelled,North,FALSE,0.16,TRUE,TRUE,Sports,3.9,26.6,Online,Catalog,4669.98
AJZSA1VHVD,Y45UA56F,W57Y4,6,255.87,1535.22,12/6/2022 13:40,12/18/2022 13:40,PayPal,Shipped,South,FALSE,0.1,FALSE,FALSE,Health & Beauty,3.1,16.27,Direct,Catalog,1535.22
HEVZZVOHKR,1SGHO7RR,OGHHR,13,38.7,503.1,3/1/2022 3:41,3/7/2022 3:41,Debit Card,Shipped,East,TRUE,0.17,FALSE,TRUE,Fashion,1.7,16.71,Retail,Catalog,503.1
02QJ6S8C3X,A5M90Y2D,N2TG5,16,296.26,4740.16,3/25/2022 19:36,4/4/2022 19:36,Cash on Delivery,Returned,East,TRUE,0.05,FALSE,TRUE,Electronics,2.9,28.93,Wholesale,Online,4740.16
7LVMU5QIW4,2RKCR14O,EBDLG,17,236.31,4017.27,8/21/2022 7:24,9/3/2022 7:24,Credit Card,Cancelled,East,FALSE,0.15,TRUE,FALSE,Home & Garden,4.9,11.78,Retail,Online,4017.27
27KDBYMCM0,DCIOB3T2,5OBOI,4,175.87,703.48,12/24/2022 2:28,12/28/2022 2:28,PayPal,Cancelled,East,TRUE,0.17,TRUE,TRUE,Fashion,2.4,17.06,Direct,Online,703.48
KLH0I16U6Q,6V6Z52KJ,0O5PK,2,389.82,779.64,11/25/2022 6:52,12/8/2022 6:52,Debit Card,Delivered,North,TRUE,0.13,TRUE,FALSE,Sports,3.4,33.96,Wholesale,Online,779.64
YUR4ULKRN4,3QDU19W3,2Y93K,1,391.76,391.76,1/22/2022 20:55,1/23/2022 20:55,Cash on Delivery,Delivered,East,FALSE,0.15,TRUE,FALSE,Electronics,3.1,49.05,Online,Catalog,391.76
WCC3XIEY74,L1UITRXI,GNLZS,18,260.51,4689.18,10/6/2022 5:52,10/11/2022 5:52,Debit Card,Delivered,East,FALSE,0.16,TRUE,FALSE,Fashion,3.9,15.14,Online,Catalog,4689.18
AR35WN4AHJ,DM2JQCPL,OES5H,19,472.48,8977.12,12/19/2022 17:41,12/26/2022 17:41,Cash on Delivery,Cancelled,East,FALSE,0.06,TRUE,TRUE,Sports,4.1,8.74,Online,In-store,8977.12
GAKND7YMRQ,P3UMSRN3,WBEOI,7,467.39,3271.73,5/22/2022 20:48,6/5/2022 20:48,Credit Card,Delivered,North,FALSE,0.19,FALSE,TRUE,Sports,4.1,11.13,Direct,Catalog,3271.73
ALQ6849Z6A,YT4YUHF0,3KHJR,2,270.84,541.68,10/5/2022 5:47,10/17/2022 5:47,Debit Card,Returned,South,FALSE,0.03,TRUE,TRUE,Health & Beauty,1.8,29.72,Retail,In-store,541.68
4CGT0CBSDI,LTBM4E1O,HK4AF,11,422.01,4642.11,9/8/2022 17:36,9/22/2022 17:36,Debit Card,Cancelled,South,FALSE,0.08,TRUE,FALSE,Electronics,1.6,41.22,Wholesale,Catalog,4642.11
SFZ3T8FIES,ZJJREEB6,SKSX3,15,28.22,423.3,10/11/2022 3:24,10/20/2022 3:24,Debit Card,Shipped,West,TRUE,0.15,FALSE,FALSE,Electronics,1.3,42.4,Retail,In-store,423.3
84254UKJLF,KRURGDMQ,I8PE7,17,76.85,1306.45,4/27/2022 6:10,5/5/2022 6:10,Debit Card,Shipped,West,FALSE,0,TRUE,TRUE,Sports,3.1,21.6,Retail,Online,1306.45
1GK57RSL2I,M0WYB8ZG,3FGL5,16,75.79,1212.64,12/8/2022 21:46,12/14/2022 21:46,Credit Card,Cancelled,North,FALSE,0.11,FALSE,TRUE,Home & Garden,4,36.71,Retail,Catalog,1212.64
9CU1688FIB,O5YV8SR5,C4A0V,1,93.76,93.76,11/10/2022 6:06,11/18/2022 6:06,Debit Card,Cancelled,South,FALSE,0.12,TRUE,FALSE,Fashion,3.5,31.48,Online,Catalog,93.76
ZFADUFZQ6A,J7S482LP,I3JR2,7,178.56,1249.92,5/29/2022 8:21,6/11/2022 8:21,Cash on Delivery,Cancelled,South,TRUE,0.06,TRUE,FALSE,Health & Beauty,2,31.24,Retail,In-store,1249.92
GV6DSH6UFP,AE2TJFXA,GB4R3,7,429.53,3006.71,4/20/2022 20:54,5/1/2022 20:54,Credit Card,Shipped,West,FALSE,0.18,FALSE,TRUE,Home & Garden,3.9,45.52,Online,In-store,3006.71
N7LAQ0EU50,0K754OH6,37DX0,15,277.36,4160.4,10/24/2022 22:21,11/3/2022 22:21,Cash on Delivery,Shipped,South,FALSE,0.14,FALSE,TRUE,Electronics,4,48.51,Retail,Online,4160.4
BPIGOCXEL8,SGYZSZW5,XCCDL,14,184.14,2577.96,8/27/2022 14:32,9/9/2022 14:32,Credit Card,Shipped,West,FALSE,0.04,TRUE,TRUE,Home & Garden,1.9,13.26,Retail,In-store,2577.96
0EIJIMQ2ME,1GAF45ZX,8XC36,18,145.16,2612.88,4/10/2022 5:37,4/14/2022 5:37,Debit Card,Shipped,West,FALSE,0.19,FALSE,TRUE,Sports,1.6,8.64,Online,Catalog,2612.88
CV06U3JAHG,NJGQZP20,945GP,16,327.09,5233.44,7/8/2022 4:35,7/14/2022 4:35,Cash on Delivery,Delivered,South,FALSE,0.02,TRUE,FALSE,Home & Garden,2.1,7.8,Retail,Online,5233.44
RIN3E15VRH,EFXZ878E,1ZGTK,8,172.8,1382.4,9/14/2022 0:17,9/18/2022 0:17,Debit Card,Cancelled,North,TRUE,0.13,FALSE,FALSE,Electronics,2.5,9.59,Wholesale,Online,1382.4
GZ5U50E1AO,HUCDJKIA,TULC7,19,258.32,4908.08,11/3/2022 11:39,11/12/2022 11:39,PayPal,Delivered,North,FALSE,0.04,TRUE,TRUE,Sports,1.5,37.58,Retail,Online,4908.08
KO0RZ3RS45,731EAX06,IYUTP,18,96.29,1733.22,12/30/2022 5:59,1/11/2023 5:59,Credit Card,Cancelled,North,FALSE,0.13,FALSE,FALSE,Electronics,2.2,27.04,Wholesale,Catalog,1733.22
9NQWCGBG38,LQYCLW6W,07RC1,4,223.61,894.44,9/26/2022 18:19,9/28/2022 18:19,Cash on Delivery,Cancelled,West,FALSE,0.13,TRUE,TRUE,Health & Beauty,2.3,6.03,Direct,Online,894.44
W0HLD5JQPZ,BRVL8AQI,A9EFV,11,359.49,3954.39,9/21/2022 13:11,9/25/2022 13:11,PayPal,Shipped,North,TRUE,0.09,TRUE,TRUE,Home & Garden,4.5,5.33,Online,In-store,3954.39
F6T5YKEBHN,50JMJWII,B29XG,6,299.24,1795.44,12/3/2022 3:15,12/11/2022 3:15,Cash on Delivery,Returned,East,FALSE,0.05,FALSE,FALSE,Home & Garden,2.1,19.33,Retail,Online,1795.44
SPTL73KXIE,PDA3BG3Y,Q548E,16,307.53,4920.48,1/16/2022 8:45,1/29/2022 8:45,Cash on Delivery,Shipped,West,FALSE,0.15,TRUE,FALSE,Health & Beauty,3.7,33.38,Direct,Catalog,4920.48
Z7B9TDB02V,U9631BKG,5M1GW,14,334.26,4679.64,4/27/2022 10:20,5/6/2022 10:20,Cash on Delivery,Shipped,North,FALSE,0.03,TRUE,TRUE,Sports,3.2,44.03,Wholesale,Catalog,4679.64
BK1E5TAD5D,GORSW90V,YUZPP,6,309.97,1859.82,8/31/2022 5:49,9/11/2022 5:49,Credit Card,Cancelled,South,TRUE,0.06,TRUE,FALSE,Health & Beauty,4.9,43.68,Online,Catalog,1859.82
ZOU2SURG1P,WNJFMD3K,LIJIH,10,477.39,4773.9,11/7/2022 2:48,11/14/2022 2:48,Credit Card,Shipped,West,TRUE,0.08,TRUE,FALSE,Health & Beauty,1.1,22.46,Wholesale,Catalog,4773.9
14KDOEIKMZ,PD5DZTIV,26AY0,12,274.05,3288.6,9/17/2022 3:33,9/20/2022 3:33,Cash on Delivery,Returned,East,FALSE,0.09,TRUE,TRUE,Home & Garden,4.4,19.53,Wholesale,In-store,3288.6
BNYNAJQ6BN,E04X6AOH,8888Z,1,484.03,484.03,2/3/2022 5:41,2/5/2022 5:41,PayPal,Shipped,North,TRUE,0.04,FALSE,TRUE,Electronics,3.6,28.98,Wholesale,Online,484.03
1TU51IVF1O,LBFFZS7Q,65FFG,14,65.77,920.78,1/26/2022 7:32,1/27/2022 7:32,Debit Card,Delivered,South,FALSE,0.15,TRUE,TRUE,Electronics,2.4,33.71,Wholesale,Online,920.78
A69NFOUT7M,Y540KKKC,NW4UB,4,283.91,1135.64,10/1/2022 19:07,10/10/2022 19:07,Cash on Delivery,Delivered,North,FALSE,0.19,TRUE,TRUE,Electronics,1.9,24.67,Online,Catalog,1135.64
6Z0UILLAH3,B0T77NDQ,GNR3U,4,311.04,1244.16,9/24/2022 5:44,10/1/2022 5:44,Debit Card,Cancelled,South,TRUE,0.19,FALSE,FALSE,Sports,3.1,41.06,Direct,Catalog,1244.16
GP3PZGQJ6W,D3JHSPFJ,3ERJQ,3,124.83,374.49,3/13/2022 0:49,3/26/2022 0:49,Credit Card,Delivered,East,TRUE,0.06,TRUE,TRUE,Home & Garden,3.2,25.36,Online,In-store,374.49
WC8V4K34AS,24CREHOL,2BK02,9,225.48,2029.32,5/18/2022 20:35,5/19/2022 20:35,Cash on Delivery,Delivered,East,FALSE,0.19,FALSE,TRUE,Home & Garden,4.8,14.79,Retail,In-store,2029.32
NWS1NIS09X,AKQ374J5,CWMWF,12,85.15,1021.8,10/31/2022 3:34,11/4/2022 3:34,Debit Card,Shipped,West,TRUE,0.18,TRUE,FALSE,Sports,3.3,18.66,Online,Online,1021.8
DRYIEWDCAA,PJ1YHWA7,5OMLI,14,449.98,6299.72,11/1/2022 0:57,11/7/2022 0:57,Debit Card,Delivered,East,FALSE,0.19,TRUE,TRUE,Sports,4.2,20.91,Online,In-store,6299.72
07QH5MESBE,MI66PWEA,RNXNS,19,324.09,6157.71,2/28/2022 5:09,3/9/2022 5:09,PayPal,Delivered,East,TRUE,0.09,FALSE,FALSE,Electronics,4.8,18.19,Direct,Online,6157.71
EYYC3KTJFF,8P75QB3B,TNZGO,17,390.61,6640.37,10/29/2022 15:25,11/9/2022 15:25,Credit Card,Cancelled,West,FALSE,0.08,TRUE,FALSE,Electronics,3.7,49.77,Retail,Catalog,6640.37
KBI2XDMYDY,KPE79Y8J,152ZJ,17,369.28,6277.76,7/23/2022 0:25,8/6/2022 0:25,Debit Card,Delivered,North,TRUE,0.11,TRUE,FALSE,Electronics,4.8,17.65,Wholesale,In-store,6277.76
12WBUR059B,KXOF60W6,DXSGX,18,423.36,7620.48,2/20/2022 6:23,2/24/2022 6:23,PayPal,Cancelled,East,FALSE,0.07,TRUE,FALSE,Sports,3.1,29.43,Online,Online,7620.48
ROZO385SES,DCAXVXQ2,DK50D,6,354.18,2125.08,4/28/2022 8:41,5/7/2022 8:41,Credit Card,Cancelled,South,FALSE,0.15,FALSE,FALSE,Electronics,2.6,48.34,Direct,Online,2125.08
X19H9KSIUN,WQ1K9Y2W,TLRZI,9,360.87,3247.83,8/14/2022 20:55,8/15/2022 20:55,Cash on Delivery,Shipped,West,TRUE,0.18,FALSE,FALSE,Home & Garden,3.3,22.36,Retail,Catalog,3247.83
R0K1GFX15Q,EVIB4T2O,8V8A2,16,147.04,2352.64,6/26/2022 17:05,7/1/2022 17:05,Debit Card,Returned,North,TRUE,0.15,FALSE,FALSE,Electronics,3.4,47.77,Retail,Online,2352.64
QSLQSXJV5J,QPGLKXFJ,ADXAW,13,245.84,3195.92,3/8/2022 16:16,3/19/2022 16:16,PayPal,Shipped,East,TRUE,0.04,FALSE,TRUE,Health & Beauty,4.5,37.53,Wholesale,In-store,3195.92
TR9MV8VSL4,5MN4R9XV,M23BF,8,35.68,285.44,7/12/2022 22:40,7/23/2022 22:40,Credit Card,Delivered,North,TRUE,0.11,FALSE,TRUE,Sports,1.1,20.51,Online,Catalog,285.44
VVY5MJJMXY,TEX0QFFL,ZDZZE,16,177.96,2847.36,10/19/2022 21:30,10/28/2022 21:30,Debit Card,Returned,South,TRUE,0.08,TRUE,FALSE,Fashion,1.8,20.47,Online,Online,2847.36
YDH0NI20QI,9KZ7AVGQ,FM06G,9,404.79,3643.11,1/27/2022 11:17,1/31/2022 11:17,Cash on Delivery,Delivered,South,TRUE,0.02,FALSE,FALSE,Electronics,3.3,45.38,Online,In-store,3643.11
1A8W4MJE67,RF372IP9,Q5CVO,3,456.26,1368.78,6/25/2022 8:50,7/8/2022 8:50,Debit Card,Shipped,East,TRUE,0.12,FALSE,TRUE,Fashion,4.3,30.41,Direct,In-store,1368.78
FWH2KDYCA8,1CS1E3WQ,UBCYY,5,28.58,142.9,7/2/2022 0:42,7/14/2022 0:42,Cash on Delivery,Cancelled,North,FALSE,0.14,FALSE,FALSE,Health & Beauty,3,26.54,Direct,Online,142.9
GZSCAGLXK1,WKA3ZG01,QQAZQ,10,242.64,2426.4,11/28/2022 8:36,12/5/2022 8:36,PayPal,Returned,South,TRUE,0.13,FALSE,TRUE,Health & Beauty,4.5,25.78,Online,Online,2426.4
Q5MF7M8K7I,I5JIDNNM,PS0ED,7,218.03,1526.21,9/17/2022 5:18,9/30/2022 5:18,PayPal,Cancelled,North,FALSE,0.1,TRUE,TRUE,Electronics,4.5,17.38,Direct,Online,1526.21
VIMUXU36IZ,LRIZ9H2H,8OR4H,3,124.93,374.79,3/2/2022 5:30,3/3/2022 5:30,PayPal,Cancelled,West,FALSE,0.04,TRUE,TRUE,Health & Beauty,5,30.72,Direct,Online,374.79
9EAU87H2R1,M97TOSRB,AGMFT,19,496.2,9427.8,6/22/2022 22:36,6/25/2022 22:36,PayPal,Shipped,East,FALSE,0.15,TRUE,FALSE,Sports,2.1,19.79,Direct,Online,9427.8
SAILWW09IA,RBJ3F2LX,OP7LA,19,316.45,6012.55,10/6/2022 10:50,10/20/2022 10:50,Debit Card,Delivered,South,FALSE,0.17,TRUE,FALSE,Sports,4.7,11.39,Wholesale,Online,6012.55
PR4KTCMKCM,O4GHDTTZ,XCREL,4,316.44,1265.76,1/8/2022 8:03,1/17/2022 8:03,PayPal,Delivered,West,TRUE,0.19,FALSE,TRUE,Fashion,1.5,38.17,Retail,Online,1265.76
OMRMNSMP5Z,QG8RH4NL,VOEA7,19,133.25,2531.75,3/25/2022 14:34,4/2/2022 14:34,PayPal,Cancelled,South,FALSE,0.06,FALSE,FALSE,Electronics,4.7,48.87,Wholesale,Catalog,2531.75
C0E4YAFFCK,LGLH0JEY,K6UJK,6,497.88,2987.28,4/6/2022 22:51,4/11/2022 22:51,Cash on Delivery,Cancelled,West,TRUE,0.15,FALSE,TRUE,Home & Garden,4.7,37.82,Retail,Catalog,2987.28
FZIM63G6EJ,MBVZJRMF,FVIWK,11,244.5,2689.5,8/27/2022 12:58,8/30/2022 12:58,PayPal,Delivered,South,FALSE,0.2,FALSE,TRUE,Electronics,1.9,20.9,Wholesale,Catalog,2689.5
QJ249SWJ80,G2VAAO3W,TD1S4,1,186.95,186.95,12/17/2022 16:22,12/27/2022 16:22,Credit Card,Returned,East,FALSE,0.07,TRUE,TRUE,Electronics,4.6,18.44,Online,Online,186.95
7PW1TL0S1Y,AAGL9SP0,01CVC,14,366.91,5136.74,2/25/2022 8:42,2/27/2022 8:42,Debit Card,Returned,East,FALSE,0.16,TRUE,FALSE,Fashion,1.5,25.9,Retail,Catalog,5136.74
YF2TBP98XR,MI7TKZR5,XIQ7D,15,287.56,4313.4,6/22/2022 20:52,6/29/2022 20:52,Credit Card,Returned,South,TRUE,0.06,TRUE,TRUE,Fashion,2.2,27.46,Online,Online,4313.4
6KRM76G5K0,VVO5BSO2,75OKN,18,277.7,4998.6,4/22/2022 1:04,4/27/2022 1:04,PayPal,Delivered,South,FALSE,0.03,TRUE,TRUE,Sports,2.5,40.29,Wholesale,Online,4998.6
Z61H4IKCXI,SVVVQJK3,HBPOU,2,99.12,198.24,11/27/2022 20:00,12/10/2022 20:00,Cash on Delivery,Returned,North,TRUE,0.18,TRUE,FALSE,Fashion,2.6,43.42,Online,Catalog,198.24
5JSEI81GI6,D6B94NGW,EA6MZ,9,185.35,1668.15,9/11/2022 18:43,9/22/2022 18:43,Credit Card,Shipped,East,FALSE,0.15,FALSE,TRUE,Health & Beauty,2.9,44.93,Online,Catalog,1668.15
9L8ZYWCXML,4JUG092F,JRDSY,2,21.39,42.78,5/24/2022 17:58,5/27/2022 17:58,Cash on Delivery,Shipped,South,FALSE,0.03,FALSE,TRUE,Home & Garden,2.4,5.7,Retail,Online,42.78
FMTNOQLLIE,1A5MYN91,MB6V6,17,389.68,6624.56,12/7/2022 13:27,12/12/2022 13:27,PayPal,Returned,South,FALSE,0.08,TRUE,TRUE,Health & Beauty,1.2,16.15,Wholesale,In-store,6624.56
SCOEKZHA0B,CQN6H866,6CD7J,7,115.44,808.08,6/8/2022 2:58,6/13/2022 2:58,Credit Card,Shipped,North,FALSE,0.06,FALSE,TRUE,Health & Beauty,4.8,20.86,Wholesale,Catalog,808.08
8MJTYQGXB8,KG6VPQW4,4F5VO,7,226.91,1588.37,8/15/2022 2:25,8/21/2022 2:25,PayPal,Cancelled,South,FALSE,0.06,FALSE,TRUE,Sports,2.9,42.16,Online,In-store,1588.37
175LS59EJD,E3SJLA6O,MTXRS,1,407.04,407.04,9/15/2022 4:16,9/28/2022 4:16,PayPal,Delivered,West,TRUE,0.01,TRUE,FALSE,Fashion,4.7,39.82,Online,Online,407.04
Y8WX8KJ7OE,0UDRYKE6,HTBXA,3,455.35,1366.05,12/24/2022 15:41,12/30/2022 15:41,Credit Card,Shipped,North,TRUE,0.08,TRUE,TRUE,Health & Beauty,1.4,34.56,Retail,Catalog,0
P2D4PPHTZB,5N024F5M,CUP5Z,14,490.55,6867.7,8/2/2022 23:31,8/5/2022 23:31,Debit Card,Delivered,South,FALSE,0.19,TRUE,TRUE,Health & Beauty,4.8,34.17,Online,In-store,0
V5H97JK3H3,4YD4TG4J,YS475,14,362.35,5072.9,8/31/2022 17:41,9/3/2022 17:41,Debit Card,Shipped,West,TRUE,0.12,FALSE,TRUE,Sports,1.4,32.02,Retail,Online,0
OHHJWATHJT,VSNEEM3G,PO85T,19,409.15,7773.85,8/19/2022 5:44,8/27/2022 5:44,Cash on Delivery,Returned,West,FALSE,0.11,FALSE,TRUE,Sports,2,9.4,Wholesale,In-store,0
I836O0Z75T,8BB6GIV4,QSSPG,3,134.42,403.26,2/3/2022 16:06,2/9/2022 16:06,Cash on Delivery,Returned,South,FALSE,0.15,FALSE,FALSE,Home & Garden,2.7,31.51,Online,Online,0
HVTAH4WASS,N5EVQ57R,U28LK,10,81.54,815.4,1/6/2022 0:12,1/12/2022 0:12,Debit Card,Shipped,West,TRUE,0.13,FALSE,FALSE,Health & Beauty,1.8,37.24,Online,Online,0
OH6WGHN0KM,9J9K07J8,F5546,6,489.61,2937.66,3/23/2022 16:00,3/30/2022 16:00,Cash on Delivery,Delivered,South,TRUE,0.03,FALSE,FALSE,Home & Garden,2.8,48.5,Direct,In-store,0
KEIDRNC78V,XQ12NJYE,6MUXI,14,163.48,2288.72,8/13/2022 14:02,8/20/2022 14:02,PayPal,Delivered,East,TRUE,0.01,TRUE,FALSE,Electronics,3.3,8.73,Wholesale,In-store,0
PQDPOLPN3K,FQ6R6RHP,K8J70,3,18.35,55.05,8/5/2022 16:51,8/11/2022 16:51,Credit Card,Delivered,West,FALSE,0.18,FALSE,FALSE,Electronics,2.7,9.85,Wholesale,Catalog,0
ZXC8U0FSSL,A6TNZ28H,MZB2T,15,473.25,7098.75,3/11/2022 16:41,3/20/2022 16:41,Credit Card,Returned,West,FALSE,0.07,FALSE,FALSE,Sports,4.6,18.53,Online,Online,0
SOT6S924J1,AKQWDI4E,7WM6C,5,402.37,2011.85,5/1/2022 19:19,5/8/2022 19:19,Debit Card,Cancelled,North,FALSE,0.13,TRUE,TRUE,Home & Garden,2.9,36.61,Direct,Catalog,0
LRWS7BQR0Z,DQF53XP2,FKEK6,4,182.99,731.96,2/25/2022 20:24,3/11/2022 20:24,PayPal,Delivered,West,TRUE,0.05,TRUE,TRUE,Electronics,3.5,24.94,Direct,Catalog,0
6K01ATBQ7N,FSNFWDYF,KXEHZ,12,322.15,3865.8,7/3/2022 1:02,7/13/2022 1:02,Cash on Delivery,Cancelled,East,FALSE,0.06,FALSE,FALSE,Electronics,4.2,28.95,Wholesale,In-store,0
NR5B2CIQPK,VRXK91RU,8ZT1X,19,380.85,7236.15,11/22/2022 10:38,11/30/2022 10:38,PayPal,Returned,South,TRUE,0.13,TRUE,FALSE,Fashion,1.9,43.78,Online,In-store,0
QJJP4ECCDN,X9HNGQS9,S41QI,4,58.08,232.32,12/4/2022 18:22,12/17/2022 18:22,Cash on Delivery,Shipped,West,FALSE,0.19,TRUE,TRUE,Sports,2.1,17.65,Online,In-store,0
AA29JKFQ48,EWTVR0WW,KDUYI,2,103.52,207.04,6/23/2022 7:07,7/3/2022 7:07,PayPal,Delivered,South,FALSE,0.17,TRUE,TRUE,Health & Beauty,2.8,21.53,Direct,In-store,0
1DDR4WUPLC,SC8WQ3RB,AZU1K,17,220.57,3749.69,6/9/2022 23:25,6/10/2022 23:25,PayPal,Delivered,East,FALSE,0.03,TRUE,TRUE,Health & Beauty,3.5,26.25,Direct,In-store,0
YGMGC4FDAZ,Q18JZIE4,9GPTA,6,207.71,1246.26,4/10/2022 21:40,4/14/2022 21:40,Credit Card,Shipped,South,FALSE,0.06,FALSE,TRUE,Health & Beauty,3.9,48.18,Online,Catalog,0
CLXJNFZJM0,IWXZP6ZK,O6RUL,4,418.63,1674.52,6/9/2022 1:37,6/16/2022 1:37,Debit Card,Shipped,West,FALSE,0.1,TRUE,FALSE,Sports,1.7,35.94,Wholesale,Catalog,0
838UM6L6FG,9IAQBHNL,3IWUM,16,175.83,2813.28,10/28/2022 16:01,11/11/2022 16:01,Debit Card,Cancelled,South,TRUE,0.08,TRUE,FALSE,Home & Garden,2.7,34.59,Wholesale,Catalog,0
Z246GSFFAE,ON5T1RA3,00S11,3,183.07,549.21,11/20/2022 8:00,12/3/2022 8:00,Debit Card,Delivered,South,FALSE,0.18,FALSE,FALSE,Electronics,4.4,21.03,Retail,Online,0
RIZ6LBDB8I,ZDJCUN5T,SG89U,12,493.3,5919.6,5/24/2022 8:52,5/26/2022 8:52,Debit Card,Cancelled,West,FALSE,0.07,FALSE,TRUE,Electronics,1.7,48.95,Online,Online,0
X05JQSW8SZ,L80YY7LM,OXRU8,18,153.66,2765.88,8/12/2022 4:49,8/22/2022 4:49,Credit Card,Shipped,East,TRUE,0.05,TRUE,TRUE,Health & Beauty,4.8,26.34,Online,Catalog,0
P1D2U2VSSU,L6RZ7OXJ,NRWEQ,15,177.77,2666.55,5/11/2022 22:53,5/12/2022 22:53,PayPal,Cancelled,East,FALSE,0.11,TRUE,TRUE,Electronics,1.9,36.32,Online,Online,0
G3NTS22QCT,WZJWLB3D,368RR,6,442.47,2654.82,4/14/2022 11:30,4/17/2022 11:30,Cash on Delivery,Delivered,North,TRUE,0.08,FALSE,FALSE,Fashion,2.6,24.93,Retail,Online,0
D9IOTJ7ZHF,5M0ABFFZ,OK4DX,10,405.41,4054.1,1/4/2022 6:23,1/10/2022 6:23,Debit Card,Delivered,South,TRUE,0.19,TRUE,TRUE,Health & Beauty,3.1,41.1,Direct,In-store,4054.1
CK5I1N4SX2,CZCWFMO9,HWFX6,19,179.42,3408.98,4/14/2022 1:08,4/22/2022 1:08,Credit Card,Shipped,East,TRUE,0.08,TRUE,TRUE,Health & Beauty,1.4,28.36,Wholesale,Online,3408.98
KBJXGLWBQ6,HBBJCN9Q,AM24P,9,85.15,766.35,4/11/2022 23:15,4/25/2022 23:15,PayPal,Cancelled,South,TRUE,0.06,FALSE,TRUE,Health & Beauty,3.9,39.47,Direct,Online,766.35
BJ57JE22VM,Q6LX2YW6,F5P1I,17,394.08,6699.36,7/18/2022 14:06,7/26/2022 14:06,PayPal,Shipped,East,FALSE,0.03,FALSE,FALSE,Fashion,3.5,40.66,Retail,Catalog,6699.36
Y6Z4DQ45PG,UMX5D8A3,581GO,5,55.22,276.1,10/17/2022 13:45,10/26/2022 13:45,Cash on Delivery,Shipped,East,TRUE,0.17,FALSE,FALSE,Home & Garden,3.1,44.86,Online,Online,276.1
1V1M62NJX8,L7PJAKY1,MNZQM,4,199.34,797.36,1/18/2022 7:08,1/20/2022 7:08,Credit Card,Delivered,South,TRUE,0.03,FALSE,FALSE,Health & Beauty,1.6,24.93,Direct,In-store,797.36
CS9VTZLERA,GJSWUNAM,F96C4,13,55.42,720.46,3/30/2022 10:45,3/31/2022 10:45,Cash on Delivery,Shipped,East,TRUE,0.17,TRUE,FALSE,Sports,2.8,5.65,Online,Online,720.46
AUEOKQHSMH,WZSF7ILH,WPJ3D,2,441.89,883.78,2/12/2022 18:15,2/18/2022 18:15,PayPal,Shipped,South,TRUE,0.12,FALSE,FALSE,Health & Beauty,4.7,41.61,Retail,In-store,883.78
N453QCTRCV,DECA6SMA,FGL7Y,3,17.92,53.76,3/29/2022 18:08,4/5/2022 18:08,Credit Card,Shipped,South,FALSE,0.07,TRUE,FALSE,Fashion,3.6,29.76,Retail,Online,53.76
GG7OGS798D,NQKD0JLP,P9R1M,5,493.17,2465.85,12/6/2022 1:11,12/16/2022 1:11,Debit Card,Returned,West,TRUE,0.13,FALSE,TRUE,Fashion,1.4,44.66,Retail,In-store,2465.85
TSZG4OSVNV,JJBYW1D5,AOMJ4,5,347.76,1738.8,1/29/2022 21:22,2/10/2022 21:22,Debit Card,Delivered,North,TRUE,0.16,FALSE,FALSE,Home & Garden,2.6,31.29,Retail,Catalog,1738.8
18FVLSW20M,QNBGJHFB,BN1NQ,11,275.11,3026.21,7/11/2022 11:30,7/21/2022 11:30,Cash on Delivery,Shipped,North,FALSE,0.15,FALSE,FALSE,Fashion,2,48.38,Online,In-store,3026.21
6Q7T6RW3KW,0AHHZW9D,49FLC,7,443.56,3104.92,5/28/2022 9:41,5/31/2022 9:41,Credit Card,Cancelled,West,TRUE,0.2,FALSE,TRUE,Health & Beauty,1.9,19.07,Retail,Catalog,3104.92
7YQV1TODSQ,M2RXCS9K,Y816A,8,464.77,3718.16,6/27/2022 17:33,7/7/2022 17:33,Cash on Delivery,Shipped,South,FALSE,0.1,TRUE,TRUE,Electronics,3.2,19.3,Direct,Online,3718.16
N2A34YJPAK,ZA1M4M3F,0KWAV,16,211.72,3387.52,10/5/2022 12:25,10/12/2022 12:25,Credit Card,Shipped,East,TRUE,0.03,TRUE,FALSE,Home & Garden,3.7,42.81,Direct,Online,3387.52
4VBKQXVWVL,ALRY2K01,GQNC1,12,215.6,2587.2,4/14/2022 2:13,4/25/2022 2:13,Cash on Delivery,Returned,West,TRUE,0.14,FALSE,FALSE,Health & Beauty,1.2,27.59,Retail,In-store,2587.2
2T5FFYQB1D,28T02SL1,3SKX6,11,414.95,4564.45,2/9/2022 13:01,2/22/2022 13:01,Credit Card,Shipped,South,TRUE,0.08,FALSE,FALSE,Sports,3.3,36.21,Wholesale,In-store,4564.45
UA8ACW75P1,Y6YB5E28,Y4S8J,10,285.94,2859.4,3/11/2022 8:40,3/12/2022 8:40,PayPal,Returned,North,TRUE,0.1,TRUE,FALSE,Home & Garden,2.6,11.11,Wholesale,Catalog,2859.4
WTF45GYP08,CCO45MBB,1W3CI,3,109.64,328.92,5/29/2022 2:23,6/2/2022 2:23,Debit Card,Returned,North,TRUE,0,FALSE,TRUE,Home & Garden,1.9,42.91,Wholesale,Online,328.92
MHKENKN0PI,P1XVX9NY,G1YC2,9,12.91,116.19,9/3/2022 19:38,9/17/2022 19:38,Credit Card,Delivered,South,FALSE,0.04,TRUE,TRUE,Electronics,1.6,9.13,Direct,In-store,116.19
S7NSZATGT3,WSK5QKLZ,67OJT,5,172.8,864,6/21/2022 19:22,6/30/2022 19:22,Credit Card,Returned,North,FALSE,0.2,FALSE,TRUE,Health & Beauty,1.5,30.62,Wholesale,Catalog,864
0CD1I7BC7Q,IYCJCBWW,38CII,1,76.78,76.78,11/25/2022 6:21,12/5/2022 6:21,Cash on Delivery,Returned,East,FALSE,0.12,TRUE,FALSE,Electronics,3.4,29.56,Online,Catalog,76.78
47I6ROKI68,FF73FGUT,I0I9Q,18,77.98,1403.64,4/20/2022 6:08,4/22/2022 6:08,Credit Card,Shipped,South,FALSE,0.06,TRUE,TRUE,Electronics,2.4,41.93,Direct,Online,1403.64
1CWOQ2SNC5,C7XT2NNK,GMHL1,6,265.2,1591.2,9/6/2022 3:49,9/19/2022 3:49,PayPal,Shipped,East,FALSE,0.09,TRUE,TRUE,Health & Beauty,4.2,26.23,Retail,Online,1591.2
BKZ0S1FJSD,E6DGDXJT,QDN9O,17,431.81,7340.77,1/5/2022 3:40,1/6/2022 3:40,Debit Card,Shipped,West,FALSE,0.06,TRUE,TRUE,Fashion,3.7,10.45,Retail,In-store,7340.77
V5502TIETV,VEM1VE1W,TJEBW,12,485.35,5824.2,4/1/2022 19:19,4/3/2022 19:19,Credit Card,Cancelled,North,TRUE,0.02,TRUE,FALSE,Electronics,4.8,26.07,Online,Catalog,5824.2
9ET5MYP64D,FWNPZFQ4,7JSDN,13,67.24,874.12,5/25/2022 14:44,6/4/2022 14:44,PayPal,Shipped,South,TRUE,0.13,TRUE,TRUE,Electronics,1.4,18.78,Online,Online,874.12
DJ5LNQLR1L,8IHXXPJM,TQ345,14,268.62,3760.68,6/11/2022 11:01,6/21/2022 11:01,Debit Card,Shipped,North,FALSE,0.03,TRUE,TRUE,Health & Beauty,4.6,17.92,Online,Online,3760.68
LKO5ZWTV21,RHS7G865,X68FJ,18,328.76,5917.68,8/3/2022 13:18,8/8/2022 13:18,Credit Card,Delivered,West,FALSE,0.19,FALSE,TRUE,Sports,4.4,32.48,Direct,Online,5917.68
N0FFOR76YN,X3O49HMN,DI41F,18,190.69,3432.42,1/31/2022 15:52,2/10/2022 15:52,Debit Card,Shipped,South,FALSE,0.02,FALSE,TRUE,Fashion,1.4,6.39,Direct,In-store,3432.42
6EE728QX33,QB6PEIDP,GILIW,10,273.44,2734.4,6/3/2022 19:34,6/16/2022 19:34,Cash on Delivery,Shipped,North,TRUE,0.12,FALSE,FALSE,Home & Garden,2.4,15.73,Wholesale,Online,2734.4
T7F1MW3CCG,XVZCGYID,HK1IJ,14,152.91,2140.74,6/18/2022 12:20,6/27/2022 12:20,Debit Card,Cancelled,South,TRUE,0.18,TRUE,FALSE,Fashion,1.6,17.63,Direct,In-store,2140.74
TNI6OE0AH6,IARKTNHA,6AS9Q,15,144.08,2161.2,3/5/2022 4:08,3/8/2022 4:08,Debit Card,Cancelled,North,TRUE,0.02,FALSE,TRUE,Electronics,2.2,29.88,Wholesale,Online,2161.2
MCZ20GV1DA,EM3NX6Z4,SSDST,8,71.49,571.92,10/24/2022 3:06,11/3/2022 3:06,PayPal,Delivered,East,TRUE,0.18,TRUE,FALSE,Sports,2.5,33.46,Direct,Online,571.92
NBB3D9TFFJ,DD2W4JRB,HCU5M,2,114.79,229.58,11/27/2022 23:02,12/11/2022 23:02,Credit Card,Shipped,West,FALSE,0.15,FALSE,FALSE,Home & Garden,2.5,26.94,Wholesale,Catalog,229.58
UKB23M1F8S,FS6BTG1N,JTTYG,9,348.2,3133.8,12/29/2022 4:01,1/7/2023 4:01,Cash on Delivery,Returned,North,FALSE,0.02,TRUE,TRUE,Sports,2.2,36.24,Direct,Catalog,3133.8
WM8JAP2Q79,XIYUZQQT,3SOR3,15,369.7,5545.5,11/15/2022 22:41,11/24/2022 22:41,Cash on Delivery,Returned,North,FALSE,0.09,FALSE,FALSE,Electronics,2.7,17.53,Direct,In-store,5545.5
UKOU42OAC9,3GTQDYKC,EVMFF,1,101.29,101.29,6/14/2022 2:59,6/19/2022 2:59,Credit Card,Returned,North,FALSE,0.17,FALSE,FALSE,Sports,2.1,48.37,Retail,Online,101.29
HPJZGMRSXX,ZBJ7IV1I,T4N2T,15,155.82,2337.3,8/6/2022 5:46,8/17/2022 5:46,Cash on Delivery,Delivered,West,FALSE,0.18,FALSE,TRUE,Electronics,4.9,19.73,Online,Online,2337.3
W39ULP4FUH,ZDWME3AD,9KLFP,3,122.33,366.99,7/5/2022 8:41,7/12/2022 8:41,Credit Card,Delivered,South,TRUE,0.1,FALSE,FALSE,Electronics,1.9,48.49,Online,Online,366.99
0XIZQBBQK7,5BZ1JVNI,E1DCT,1,253.71,253.71,1/1/2022 9:29,1/3/2022 9:29,Cash on Delivery,Shipped,East,FALSE,0.12,FALSE,TRUE,Health & Beauty,4.2,19.74,Online,In-store,253.71
W1ZNGR0S05,5KW86S6M,QMEQF,11,219.65,2416.15,6/4/2022 18:45,6/12/2022 18:45,Credit Card,Cancelled,East,TRUE,0.15,FALSE,TRUE,Fashion,2.4,5.8,Direct,Catalog,2416.15
DOEWAVF19N,T78VAD6W,OZLYG,6,241.65,1449.9,9/7/2022 21:32,9/8/2022 21:32,Cash on Delivery,Returned,North,TRUE,0.19,FALSE,FALSE,Electronics,5,17.14,Wholesale,Catalog,1449.9
G5BUFR6VNH,54GT487W,9EBVA,1,90.84,90.84,8/15/2022 16:01,8/27/2022 16:01,PayPal,Returned,West,FALSE,0.17,TRUE,FALSE,Home & Garden,3.8,43.08,Direct,In-store,90.84
0KADGD9SAR,6HOZR205,378LM,11,387.98,4267.78,12/2/2022 21:24,12/15/2022 21:24,Debit Card,Returned,North,FALSE,0.09,TRUE,TRUE,Sports,2.8,27.65,Direct,Catalog,4267.78
9ZSF0Y6DSA,WJLYCXNZ,IKOSR,6,495.93,2975.58,1/20/2022 16:09,1/31/2022 16:09,Credit Card,Returned,South,TRUE,0.04,TRUE,TRUE,Fashion,4.4,8.94,Wholesale,In-store,2975.58
ZX9OBVK90Z,ZNUL9S57,1I8H9,15,255.71,3835.65,12/9/2022 18:04,12/13/2022 18:04,Credit Card,Returned,West,FALSE,0.07,TRUE,TRUE,Electronics,3.8,17.36,Online,Catalog,3835.65
3L0LNFWI13,XI411A0D,LSPMN,15,107.42,1611.3,11/22/2022 5:34,12/4/2022 5:34,Credit Card,Returned,West,FALSE,0.07,TRUE,FALSE,Sports,4.3,15.98,Online,Online,1611.3
7KVODUBD6P,HPTEZCGY,WI6JE,13,299.77,3897.01,5/30/2022 10:35,6/12/2022 10:35,Debit Card,Shipped,South,FALSE,0,TRUE,FALSE,Home & Garden,1.5,15.37,Retail,Catalog,3897.01
M3YE6J3LTS,BDF17LCB,OSNHC,4,204.58,818.32,1/4/2022 14:52,1/9/2022 14:52,Cash on Delivery,Shipped,East,TRUE,0.02,FALSE,FALSE,Electronics,2.6,15.65,Online,In-store,818.32
BFQ8TZBP1W,EPLLOK5L,HSMHY,16,394.11,6305.76,2/11/2022 9:03,2/14/2022 9:03,PayPal,Cancelled,East,FALSE,0.19,TRUE,FALSE,Fashion,3.9,10.56,Online,Online,6305.76
ZY4I9M3QOC,6XFKJUL8,23U7R,17,335.7,5706.9,4/23/2022 23:46,5/1/2022 23:46,Credit Card,Cancelled,East,FALSE,0.19,FALSE,TRUE,Sports,4.7,41.08,Wholesale,Catalog,5706.9
5OINQQCZUM,8LQ3A5B4,D7ER5,18,224.61,4042.98,10/3/2022 20:30,10/10/2022 20:30,Credit Card,Delivered,West,TRUE,0.19,TRUE,FALSE,Electronics,2.3,6.86,Direct,Catalog,4042.98
OAXJD7J3FW,AXY1IFOF,R8GEC,8,397.27,3178.16,1/2/2022 12:48,1/7/2022 12:48,Debit Card,Shipped,East,FALSE,0.09,TRUE,TRUE,Fashion,2.5,34.34,Direct,In-store,3178.16
9INN6A599W,8CQ75A9K,DMPA8,19,242.26,4602.94,11/25/2022 10:38,12/9/2022 10:38,Debit Card,Cancelled,West,FALSE,0.02,TRUE,TRUE,Health & Beauty,2,38.4,Online,Catalog,4602.94
XAI7UPQJHP,KOWWGUFT,4RPJC,2,496.76,993.52,4/24/2022 19:55,5/3/2022 19:55,PayPal,Cancelled,East,TRUE,0.17,TRUE,TRUE,Health & Beauty,3.5,12.65,Direct,Online,993.52
C2IY1A0Z8D,FURRBM73,353ZV,2,483.73,967.46,8/31/2022 5:33,9/12/2022 5:33,Cash on Delivery,Delivered,South,TRUE,0.18,TRUE,TRUE,Home & Garden,1,31.51,Retail,Catalog,967.46
NK14ZA8XE2,6B6MVRQI,JTBZG,5,286.68,1433.4,10/2/2022 21:53,10/3/2022 21:53,Cash on Delivery,Cancelled,West,FALSE,0.03,TRUE,TRUE,Health & Beauty,2.8,27.28,Online,Catalog,1433.4
CYJ35PHZU3,Z4LP9GA8,6LWQG,5,295.11,1475.55,7/9/2022 0:05,7/14/2022 0:05,PayPal,Shipped,West,TRUE,0.11,TRUE,TRUE,Electronics,2.5,46.86,Wholesale,In-store,1475.55
P5O3UEBH5U,ZAJ27M2P,VY63G,13,454.98,5914.74,9/2/2022 4:20,9/12/2022 4:20,Cash on Delivery,Delivered,North,FALSE,0.07,TRUE,FALSE,Fashion,2.8,44.28,Online,Catalog,5914.74
MXBOTQDLBZ,W3T1NOKL,3H62I,12,85.59,1027.08,8/31/2022 12:23,9/2/2022 12:23,Debit Card,Returned,East,FALSE,0.2,FALSE,TRUE,Health & Beauty,3,32.68,Direct,Catalog,1027.08
K4E0H2NJ82,V6XJ5YFS,L7ITD,4,335.6,1342.4,10/18/2022 3:21,10/27/2022 3:21,PayPal,Cancelled,West,TRUE,0.03,FALSE,FALSE,Home & Garden,2.9,9.42,Direct,Online,1342.4
QGYD47S9KS,VXD0PZ81,YKDPB,18,391.33,7043.94,2/9/2022 2:38,2/23/2022 2:38,PayPal,Delivered,East,TRUE,0.06,FALSE,FALSE,Fashion,2.6,48.69,Direct,In-store,7043.94
DDZMEUSZNJ,EVH94CE2,SWZC6,4,126.6,506.4,6/7/2022 13:02,6/9/2022 13:02,Debit Card,Returned,South,TRUE,0.1,FALSE,TRUE,Fashion,3.4,6.71,Retail,Catalog,506.4
T8N13MLO9I,674Q0FU4,RK5F8,3,28.71,86.13,6/18/2022 10:39,6/22/2022 10:39,Credit Card,Shipped,West,TRUE,0.03,TRUE,TRUE,Home & Garden,4.2,19.88,Wholesale,Online,86.13
ZJDMR9AM7O,62O9B63P,QIXSU,16,402.29,6436.64,10/9/2022 18:50,10/20/2022 18:50,Cash on Delivery,Cancelled,North,TRUE,0.05,FALSE,TRUE,Electronics,1.4,17.63,Direct,Catalog,6436.64
